user_id,signup,kyc_completed,first_trade,repeat_trade,trade_type,signup_date,trade_date
1,1,1,0,0,,2024-01-15,
2,1,0,0,0,,2024-04-18,
3,1,0,0,0,,2024-04-25,
4,1,1,0,0,,2024-04-01,
5,1,1,0,0,,2024-05-17,
6,1,1,1,1,spot,2024-06-14,2024-06-18
7,1,1,0,0,,2024-02-16,
8,1,0,0,0,,2024-02-26,
9,1,1,0,0,,2024-02-19,
10,1,1,0,0,,2024-03-11,
11,1,1,0,0,,2024-05-22,
12,1,0,0,0,,2024-05-25,
13,1,0,0,0,,2024-03-22,
14,1,1,0,0,,2024-04-25,
15,1,1,0,0,,2024-04-14,
16,1,1,0,0,,2024-03-28,
17,1,1,0,0,,2024-01-02,
18,1,1,1,0,spot,2024-04-13,2024-04-17
19,1,1,0,0,,2024-03-24,
20,1,1,1,1,derivatives,2024-02-12,2024-02-16
21,1,1,1,1,spot,2024-06-02,2024-06-13
22,1,1,1,1,spot,2024-03-11,2024-03-16
23,1,1,1,0,derivatives,2024-06-14,2024-06-19
24,1,1,0,0,,2024-04-03,
25,1,1,0,0,,2024-02-11,
26,1,0,0,0,,2024-05-12,
27,1,1,1,1,spot,2024-05-18,2024-05-26
28,1,1,1,1,spot,2024-03-05,2024-03-14
29,1,1,0,0,,2024-02-03,
30,1,1,1,1,spot,2024-04-29,2024-05-01
31,1,1,0,0,,2024-01-01,
32,1,1,1,1,spot,2024-05-09,2024-05-20
33,1,1,0,0,,2024-05-27,
34,1,0,0,0,,2024-03-01,
35,1,0,0,0,,2024-05-28,
36,1,0,0,0,,2024-03-28,
37,1,1,0,0,,2024-03-08,
38,1,1,0,0,,2024-05-06,
39,1,1,0,0,,2024-05-19,
40,1,1,0,0,,2024-01-22,
41,1,1,1,0,derivatives,2024-05-27,2024-06-03
42,1,1,1,1,derivatives,2024-03-22,2024-03-23
43,1,1,0,0,,2024-05-08,
44,1,0,0,0,,2024-01-30,
45,1,1,1,1,derivatives,2024-05-05,2024-05-06
46,1,1,1,1,spot,2024-04-06,2024-04-10
47,1,1,0,0,,2024-01-24,
48,1,1,1,0,spot,2024-01-14,2024-01-24
49,1,1,0,0,,2024-02-05,
50,1,1,0,0,,2024-01-24,
51,1,0,0,0,,2024-04-04,
52,1,0,0,0,,2024-02-24,
53,1,0,0,0,,2024-01-24,
54,1,0,0,0,,2024-05-31,
55,1,1,1,0,derivatives,2024-01-26,2024-02-02
56,1,0,0,0,,2024-03-20,
57,1,1,0,0,,2024-06-14,
58,1,1,0,0,,2024-03-05,
59,1,1,1,0,spot,2024-03-15,2024-03-17
60,1,1,0,0,,2024-06-27,
61,1,1,0,0,,2024-06-11,
62,1,1,0,0,,2024-02-12,
63,1,0,0,0,,2024-01-29,
64,1,1,0,0,,2024-06-13,
65,1,1,0,0,,2024-03-21,
66,1,1,1,1,spot,2024-02-23,2024-03-05
67,1,1,0,0,,2024-02-08,
68,1,0,0,0,,2024-02-11,
69,1,1,0,0,,2024-06-04,
70,1,0,0,0,,2024-01-29,
71,1,0,0,0,,2024-06-19,
72,1,1,0,0,,2024-05-10,
73,1,1,0,0,,2024-05-17,
74,1,0,0,0,,2024-05-21,
75,1,1,1,0,spot,2024-06-23,2024-06-25
76,1,0,0,0,,2024-02-11,
77,1,0,0,0,,2024-04-03,
78,1,1,0,0,,2024-06-08,
79,1,1,1,0,spot,2024-02-01,2024-02-02
80,1,1,1,1,spot,2024-06-18,2024-06-28
81,1,0,0,0,,2024-06-08,
82,1,1,0,0,,2024-01-26,
83,1,1,0,0,,2024-04-24,
84,1,1,1,0,derivatives,2024-05-08,2024-05-10
85,1,1,0,0,,2024-02-25,
86,1,1,0,0,,2024-05-01,
87,1,0,0,0,,2024-04-15,
88,1,1,1,0,derivatives,2024-05-09,2024-05-22
89,1,0,0,0,,2024-03-21,
90,1,1,0,0,,2024-06-06,
91,1,1,1,0,spot,2024-04-29,2024-05-06
92,1,1,1,1,spot,2024-02-21,2024-03-01
93,1,0,0,0,,2024-03-31,
94,1,1,0,0,,2024-05-16,
95,1,0,0,0,,2024-01-22,
96,1,1,1,1,spot,2024-02-03,2024-02-09
97,1,1,1,1,derivatives,2024-04-19,2024-04-29
98,1,1,1,1,spot,2024-02-18,2024-02-20
99,1,1,1,1,derivatives,2024-05-08,2024-05-20
100,1,1,0,0,,2024-03-13,
101,1,1,1,0,spot,2024-03-24,2024-04-03
102,1,1,0,0,,2024-02-22,
103,1,1,0,0,,2024-04-09,
104,1,1,1,1,spot,2024-05-03,2024-05-13
105,1,0,0,0,,2024-06-16,
106,1,1,0,0,,2024-02-14,
107,1,1,1,0,spot,2024-05-16,2024-05-29
108,1,0,0,0,,2024-04-14,
109,1,1,0,0,,2024-05-29,
110,1,1,1,0,derivatives,2024-05-25,2024-06-03
111,1,1,0,0,,2024-04-15,
112,1,1,0,0,,2024-02-12,
113,1,0,0,0,,2024-06-15,
114,1,0,0,0,,2024-05-13,
115,1,1,1,0,spot,2024-02-17,2024-02-24
116,1,0,0,0,,2024-05-05,
117,1,0,0,0,,2024-01-07,
118,1,1,1,1,spot,2024-01-16,2024-01-27
119,1,0,0,0,,2024-05-08,
120,1,1,1,0,spot,2024-04-24,2024-04-25
121,1,0,0,0,,2024-02-06,
122,1,0,0,0,,2024-06-13,
123,1,1,1,0,derivatives,2024-05-04,2024-05-16
124,1,1,0,0,,2024-03-21,
125,1,1,1,0,derivatives,2024-03-02,2024-03-11
126,1,1,1,0,spot,2024-03-12,2024-03-14
127,1,0,0,0,,2024-05-04,
128,1,0,0,0,,2024-06-09,
129,1,1,1,1,derivatives,2024-03-06,2024-03-10
130,1,1,0,0,,2024-01-30,
131,1,1,0,0,,2024-01-20,
132,1,1,0,0,,2024-03-22,
133,1,1,1,0,spot,2024-04-16,2024-04-25
134,1,1,0,0,,2024-05-31,
135,1,0,0,0,,2024-05-11,
136,1,1,1,1,spot,2024-02-06,2024-02-10
137,1,1,0,0,,2024-05-11,
138,1,1,1,1,spot,2024-03-17,2024-03-20
139,1,1,0,0,,2024-03-29,
140,1,0,0,0,,2024-05-25,
141,1,0,0,0,,2024-03-28,
142,1,1,0,0,,2024-06-24,
143,1,1,1,1,spot,2024-02-02,2024-02-03
144,1,1,0,0,,2024-02-27,
145,1,1,0,0,,2024-01-28,
146,1,1,1,0,derivatives,2024-02-04,2024-02-11
147,1,1,0,0,,2024-05-04,
148,1,1,0,0,,2024-05-17,
149,1,1,0,0,,2024-03-05,
150,1,1,1,0,derivatives,2024-02-11,2024-02-17
151,1,0,0,0,,2024-03-25,
152,1,1,0,0,,2024-05-16,
153,1,1,1,0,spot,2024-04-20,2024-04-30
154,1,1,1,1,spot,2024-01-15,2024-01-19
155,1,0,0,0,,2024-03-09,
156,1,1,0,0,,2024-04-14,
157,1,1,0,0,,2024-05-29,
158,1,0,0,0,,2024-03-04,
159,1,1,0,0,,2024-02-10,
160,1,0,0,0,,2024-03-11,
161,1,1,1,1,derivatives,2024-02-25,2024-03-02
162,1,1,1,1,derivatives,2024-05-30,2024-06-05
163,1,1,0,0,,2024-01-25,
164,1,1,1,1,spot,2024-04-14,2024-04-27
165,1,1,0,0,,2024-05-13,
166,1,0,0,0,,2024-04-28,
167,1,1,1,1,derivatives,2024-06-10,2024-06-14
168,1,1,0,0,,2024-01-09,
169,1,1,1,1,spot,2024-02-29,2024-03-13
170,1,1,0,0,,2024-05-04,
171,1,1,1,1,spot,2024-02-18,2024-02-24
172,1,1,0,0,,2024-02-20,
173,1,1,0,0,,2024-03-10,
174,1,1,1,1,derivatives,2024-02-06,2024-02-16
175,1,1,0,0,,2024-01-31,
176,1,1,1,0,spot,2024-06-17,2024-06-28
177,1,1,0,0,,2024-03-02,
178,1,1,1,0,spot,2024-04-02,2024-04-10
179,1,0,0,0,,2024-01-14,
180,1,1,0,0,,2024-06-12,
181,1,1,0,0,,2024-06-12,
182,1,1,0,0,,2024-03-19,
183,1,0,0,0,,2024-01-08,
184,1,0,0,0,,2024-06-02,
185,1,1,1,1,spot,2024-02-05,2024-02-18
186,1,1,1,0,derivatives,2024-02-17,2024-02-20
187,1,0,0,0,,2024-03-25,
188,1,1,1,0,derivatives,2024-01-28,2024-02-01
189,1,1,1,0,spot,2024-02-20,2024-03-01
190,1,1,1,0,spot,2024-04-13,2024-04-26
191,1,1,0,0,,2024-06-18,
192,1,0,0,0,,2024-04-10,
193,1,0,0,0,,2024-01-29,
194,1,1,1,0,spot,2024-05-06,2024-05-18
195,1,1,0,0,,2024-03-22,
196,1,1,0,0,,2024-01-10,
197,1,0,0,0,,2024-04-15,
198,1,0,0,0,,2024-06-15,
199,1,0,0,0,,2024-01-01,
200,1,0,0,0,,2024-02-08,
201,1,1,1,0,spot,2024-01-21,2024-01-22
202,1,1,0,0,,2024-03-05,
203,1,1,0,0,,2024-01-15,
204,1,0,0,0,,2024-05-11,
205,1,1,1,1,spot,2024-03-01,2024-03-05
206,1,1,1,1,derivatives,2024-05-27,2024-06-07
207,1,1,0,0,,2024-05-17,
208,1,1,1,1,spot,2024-03-27,2024-04-06
209,1,1,0,0,,2024-04-14,
210,1,1,1,1,spot,2024-02-03,2024-02-13
211,1,1,1,1,spot,2024-05-03,2024-05-15
212,1,1,1,0,spot,2024-04-19,2024-04-28
213,1,1,0,0,,2024-06-24,
214,1,1,1,1,derivatives,2024-02-02,2024-02-10
215,1,1,1,0,spot,2024-04-07,2024-04-18
216,1,1,0,0,,2024-03-01,
217,1,1,1,1,spot,2024-01-10,2024-01-14
218,1,0,0,0,,2024-03-24,
219,1,1,1,0,spot,2024-03-05,2024-03-17
220,1,0,0,0,,2024-03-17,
221,1,1,1,1,spot,2024-01-01,2024-01-08
222,1,1,0,0,,2024-05-12,
223,1,1,0,0,,2024-03-20,
224,1,1,0,0,,2024-01-15,
225,1,1,0,0,,2024-01-28,
226,1,1,0,0,,2024-01-23,
227,1,0,0,0,,2024-04-18,
228,1,1,1,0,spot,2024-04-16,2024-04-26
229,1,0,0,0,,2024-05-24,
230,1,1,0,0,,2024-04-22,
231,1,0,0,0,,2024-04-07,
232,1,1,0,0,,2024-05-20,
233,1,1,1,1,spot,2024-05-21,2024-05-24
234,1,1,1,0,spot,2024-05-18,2024-05-27
235,1,1,1,1,spot,2024-01-28,2024-02-07
236,1,0,0,0,,2024-02-11,
237,1,1,1,1,spot,2024-04-08,2024-04-12
238,1,1,0,0,,2024-03-01,
239,1,1,0,0,,2024-05-02,
240,1,1,0,0,,2024-03-04,
241,1,0,0,0,,2024-01-31,
242,1,0,0,0,,2024-03-21,
243,1,0,0,0,,2024-01-10,
244,1,1,1,1,spot,2024-01-08,2024-01-10
245,1,1,1,1,derivatives,2024-05-28,2024-06-07
246,1,0,0,0,,2024-02-28,
247,1,1,0,0,,2024-06-26,
248,1,0,0,0,,2024-01-30,
249,1,0,0,0,,2024-05-24,
250,1,0,0,0,,2024-01-20,
251,1,1,0,0,,2024-02-17,
252,1,1,1,1,spot,2024-05-09,2024-05-14
253,1,0,0,0,,2024-02-06,
254,1,1,1,1,spot,2024-05-08,2024-05-10
255,1,1,1,1,spot,2024-05-11,2024-05-21
256,1,1,1,0,spot,2024-04-09,2024-04-15
257,1,0,0,0,,2024-02-23,
258,1,1,0,0,,2024-05-01,
259,1,1,0,0,,2024-01-25,
260,1,1,0,0,,2024-05-10,
261,1,1,1,1,derivatives,2024-01-09,2024-01-20
262,1,0,0,0,,2024-02-03,
263,1,1,1,1,spot,2024-02-12,2024-02-22
264,1,1,0,0,,2024-03-14,
265,1,0,0,0,,2024-04-03,
266,1,0,0,0,,2024-01-22,
267,1,1,1,0,derivatives,2024-03-10,2024-03-11
268,1,1,1,1,spot,2024-05-09,2024-05-15
269,1,1,0,0,,2024-04-03,
270,1,1,0,0,,2024-02-01,
271,1,0,0,0,,2024-04-15,
272,1,0,0,0,,2024-05-23,
273,1,0,0,0,,2024-01-01,
274,1,0,0,0,,2024-03-12,
275,1,1,1,0,spot,2024-06-24,2024-06-28
276,1,1,1,0,derivatives,2024-02-19,2024-02-22
277,1,0,0,0,,2024-05-20,
278,1,1,0,0,,2024-01-15,
279,1,1,1,1,spot,2024-02-22,2024-02-24
280,1,0,0,0,,2024-06-20,
281,1,0,0,0,,2024-01-08,
282,1,1,0,0,,2024-03-14,
283,1,1,0,0,,2024-02-15,
284,1,1,0,0,,2024-03-09,
285,1,1,0,0,,2024-04-23,
286,1,1,0,0,,2024-05-26,
287,1,1,1,0,spot,2024-06-14,2024-06-21
288,1,1,0,0,,2024-05-02,
289,1,1,0,0,,2024-05-18,
290,1,1,0,0,,2024-04-26,
291,1,1,1,1,spot,2024-02-12,2024-02-21
292,1,1,0,0,,2024-01-20,
293,1,0,0,0,,2024-05-27,
294,1,1,0,0,,2024-01-21,
295,1,1,0,0,,2024-03-22,
296,1,1,0,0,,2024-02-26,
297,1,0,0,0,,2024-06-26,
298,1,1,0,0,,2024-03-14,
299,1,1,0,0,,2024-04-07,
300,1,1,0,0,,2024-06-02,
301,1,1,1,1,derivatives,2024-06-06,2024-06-18
302,1,1,1,0,spot,2024-04-19,2024-04-22
303,1,1,0,0,,2024-04-24,
304,1,1,0,0,,2024-06-07,
305,1,0,0,0,,2024-02-11,
306,1,0,0,0,,2024-03-08,
307,1,1,0,0,,2024-03-10,
308,1,1,1,0,derivatives,2024-03-18,2024-03-24
309,1,0,0,0,,2024-03-30,
310,1,1,0,0,,2024-04-20,
311,1,1,0,0,,2024-04-21,
312,1,1,1,0,spot,2024-04-12,2024-04-21
313,1,1,0,0,,2024-05-24,
314,1,0,0,0,,2024-01-19,
315,1,0,0,0,,2024-06-27,
316,1,1,0,0,,2024-03-10,
317,1,1,0,0,,2024-03-03,
318,1,1,0,0,,2024-03-15,
319,1,1,0,0,,2024-06-06,
320,1,1,0,0,,2024-06-01,
321,1,1,1,0,derivatives,2024-04-13,2024-04-15
322,1,1,1,0,spot,2024-03-15,2024-03-22
323,1,1,1,0,derivatives,2024-05-07,2024-05-12
324,1,1,0,0,,2024-06-02,
325,1,0,0,0,,2024-02-25,
326,1,0,0,0,,2024-01-22,
327,1,1,1,1,spot,2024-03-29,2024-04-03
328,1,1,0,0,,2024-01-19,
329,1,1,1,1,derivatives,2024-06-07,2024-06-18
330,1,1,0,0,,2024-01-26,
331,1,1,0,0,,2024-06-18,
332,1,0,0,0,,2024-06-17,
333,1,1,1,1,spot,2024-01-23,2024-01-30
334,1,1,1,0,spot,2024-02-16,2024-02-25
335,1,1,0,0,,2024-01-13,
336,1,1,0,0,,2024-03-06,
337,1,0,0,0,,2024-05-23,
338,1,1,0,0,,2024-03-13,
339,1,1,0,0,,2024-06-04,
340,1,1,0,0,,2024-03-17,
341,1,1,1,1,spot,2024-06-11,2024-06-15
342,1,1,0,0,,2024-06-17,
343,1,1,0,0,,2024-01-31,
344,1,1,0,0,,2024-03-25,
345,1,1,1,0,spot,2024-06-08,2024-06-17
346,1,1,1,1,spot,2024-02-28,2024-03-12
347,1,1,1,0,derivatives,2024-02-10,2024-02-21
348,1,1,0,0,,2024-04-21,
349,1,1,1,0,derivatives,2024-04-05,2024-04-15
350,1,1,0,0,,2024-06-16,
351,1,1,1,0,spot,2024-05-01,2024-05-10
352,1,0,0,0,,2024-06-04,
353,1,1,1,1,derivatives,2024-06-13,2024-06-26
354,1,1,1,0,spot,2024-04-14,2024-04-18
355,1,1,1,1,spot,2024-03-14,2024-03-17
356,1,1,0,0,,2024-05-11,
357,1,1,1,1,derivatives,2024-04-08,2024-04-10
358,1,1,0,0,,2024-05-05,
359,1,0,0,0,,2024-05-17,
360,1,1,0,0,,2024-06-23,
361,1,1,0,0,,2024-03-15,
362,1,1,0,0,,2024-01-14,
363,1,1,0,0,,2024-02-07,
364,1,1,0,0,,2024-05-19,
365,1,0,0,0,,2024-02-14,
366,1,1,0,0,,2024-05-24,
367,1,0,0,0,,2024-06-11,
368,1,0,0,0,,2024-03-15,
369,1,1,0,0,,2024-06-17,
370,1,1,1,1,spot,2024-01-29,2024-02-07
371,1,1,1,1,derivatives,2024-01-18,2024-01-30
372,1,1,1,1,spot,2024-01-20,2024-01-22
373,1,1,1,1,spot,2024-01-14,2024-01-20
374,1,1,0,0,,2024-06-10,
375,1,1,1,1,spot,2024-06-25,2024-06-30
376,1,1,0,0,,2024-02-23,
377,1,0,0,0,,2024-01-31,
378,1,1,1,0,spot,2024-02-27,2024-03-03
379,1,0,0,0,,2024-04-13,
380,1,1,1,1,spot,2024-06-18,2024-06-22
381,1,1,1,1,derivatives,2024-05-07,2024-05-13
382,1,1,1,1,derivatives,2024-06-06,2024-06-11
383,1,1,1,0,derivatives,2024-01-25,2024-02-05
384,1,0,0,0,,2024-01-19,
385,1,0,0,0,,2024-05-15,
386,1,0,0,0,,2024-01-03,
387,1,1,0,0,,2024-03-26,
388,1,1,1,1,spot,2024-05-24,2024-05-28
389,1,0,0,0,,2024-05-21,
390,1,0,0,0,,2024-01-09,
391,1,0,0,0,,2024-04-03,
392,1,1,0,0,,2024-05-28,
393,1,1,0,0,,2024-06-13,
394,1,0,0,0,,2024-05-18,
395,1,1,1,0,spot,2024-01-20,2024-02-02
396,1,0,0,0,,2024-02-04,
397,1,0,0,0,,2024-02-22,
398,1,1,0,0,,2024-06-23,
399,1,0,0,0,,2024-04-19,
400,1,0,0,0,,2024-06-28,
401,1,1,0,0,,2024-05-15,
402,1,0,0,0,,2024-01-04,
403,1,1,0,0,,2024-06-03,
404,1,0,0,0,,2024-06-20,
405,1,1,1,0,spot,2024-06-16,2024-06-25
406,1,0,0,0,,2024-04-11,
407,1,1,0,0,,2024-02-16,
408,1,1,0,0,,2024-04-03,
409,1,0,0,0,,2024-06-20,
410,1,1,0,0,,2024-02-17,
411,1,1,1,1,spot,2024-03-31,2024-04-13
412,1,0,0,0,,2024-06-28,
413,1,0,0,0,,2024-03-24,
414,1,1,0,0,,2024-03-08,
415,1,1,0,0,,2024-05-18,
416,1,1,1,1,spot,2024-05-04,2024-05-10
417,1,1,0,0,,2024-03-13,
418,1,1,0,0,,2024-01-04,
419,1,1,0,0,,2024-03-16,
420,1,0,0,0,,2024-03-13,
421,1,0,0,0,,2024-03-17,
422,1,0,0,0,,2024-02-17,
423,1,1,1,0,derivatives,2024-06-02,2024-06-13
424,1,1,0,0,,2024-04-11,
425,1,1,0,0,,2024-04-15,
426,1,1,1,1,spot,2024-03-17,2024-03-27
427,1,1,0,0,,2024-02-08,
428,1,0,0,0,,2024-02-27,
429,1,1,0,0,,2024-01-19,
430,1,1,1,0,spot,2024-03-28,2024-04-07
431,1,1,1,0,spot,2024-04-22,2024-05-05
432,1,0,0,0,,2024-03-17,
433,1,1,1,1,spot,2024-03-17,2024-03-27
434,1,1,0,0,,2024-01-28,
435,1,1,1,1,spot,2024-03-06,2024-03-19
436,1,1,0,0,,2024-01-10,
437,1,1,0,0,,2024-05-05,
438,1,0,0,0,,2024-02-27,
439,1,1,0,0,,2024-05-21,
440,1,1,0,0,,2024-05-04,
441,1,1,1,0,derivatives,2024-04-21,2024-04-24
442,1,0,0,0,,2024-03-24,
443,1,1,1,1,spot,2024-05-22,2024-06-01
444,1,1,1,1,derivatives,2024-04-05,2024-04-11
445,1,0,0,0,,2024-02-02,
446,1,0,0,0,,2024-05-24,
447,1,0,0,0,,2024-05-31,
448,1,0,0,0,,2024-06-06,
449,1,1,0,0,,2024-05-20,
450,1,1,0,0,,2024-02-16,
451,1,0,0,0,,2024-04-21,
452,1,1,1,0,spot,2024-05-23,2024-05-24
453,1,1,1,0,spot,2024-02-12,2024-02-17
454,1,0,0,0,,2024-01-08,
455,1,1,1,0,spot,2024-01-03,2024-01-13
456,1,1,0,0,,2024-05-04,
457,1,1,0,0,,2024-01-12,
458,1,1,1,1,derivatives,2024-03-24,2024-03-30
459,1,1,0,0,,2024-01-16,
460,1,1,0,0,,2024-03-18,
461,1,1,1,1,derivatives,2024-02-28,2024-03-10
462,1,1,1,1,spot,2024-06-25,2024-07-03
463,1,0,0,0,,2024-03-03,
464,1,1,1,1,spot,2024-02-18,2024-02-29
465,1,0,0,0,,2024-02-20,
466,1,1,0,0,,2024-02-02,
467,1,1,0,0,,2024-01-30,
468,1,0,0,0,,2024-03-16,
469,1,1,0,0,,2024-01-15,
470,1,0,0,0,,2024-03-22,
471,1,1,0,0,,2024-04-01,
472,1,0,0,0,,2024-01-23,
473,1,1,1,1,spot,2024-04-03,2024-04-12
474,1,0,0,0,,2024-02-14,
475,1,1,0,0,,2024-03-02,
476,1,0,0,0,,2024-01-15,
477,1,1,0,0,,2024-02-15,
478,1,1,1,1,spot,2024-03-04,2024-03-15
479,1,0,0,0,,2024-06-22,
480,1,1,1,0,derivatives,2024-06-20,2024-06-23
481,1,1,0,0,,2024-03-15,
482,1,1,1,1,spot,2024-06-05,2024-06-07
483,1,1,1,0,spot,2024-02-21,2024-03-05
484,1,1,0,0,,2024-03-28,
485,1,1,0,0,,2024-02-26,
486,1,0,0,0,,2024-03-23,
487,1,1,0,0,,2024-03-06,
488,1,1,1,1,spot,2024-05-29,2024-06-02
489,1,0,0,0,,2024-01-20,
490,1,0,0,0,,2024-02-02,
491,1,1,0,0,,2024-03-12,
492,1,1,0,0,,2024-01-25,
493,1,1,1,0,spot,2024-02-15,2024-02-23
494,1,1,0,0,,2024-03-13,
495,1,1,0,0,,2024-04-07,
496,1,1,0,0,,2024-02-26,
497,1,1,1,1,spot,2024-03-27,2024-04-07
498,1,1,1,1,spot,2024-05-12,2024-05-20
499,1,0,0,0,,2024-02-24,
500,1,0,0,0,,2024-03-01,
501,1,1,1,0,derivatives,2024-03-29,2024-04-01
502,1,1,1,1,derivatives,2024-01-08,2024-01-12
503,1,1,1,1,spot,2024-01-16,2024-01-19
504,1,0,0,0,,2024-06-24,
505,1,1,0,0,,2024-04-25,
506,1,1,0,0,,2024-03-01,
507,1,0,0,0,,2024-01-15,
508,1,0,0,0,,2024-05-29,
509,1,0,0,0,,2024-05-10,
510,1,0,0,0,,2024-04-11,
511,1,1,0,0,,2024-02-23,
512,1,1,1,1,derivatives,2024-01-14,2024-01-24
513,1,0,0,0,,2024-02-05,
514,1,0,0,0,,2024-04-14,
515,1,1,1,0,spot,2024-03-22,2024-03-24
516,1,1,1,1,spot,2024-03-07,2024-03-11
517,1,1,0,0,,2024-01-10,
518,1,0,0,0,,2024-02-18,
519,1,0,0,0,,2024-04-20,
520,1,1,1,1,spot,2024-03-05,2024-03-11
521,1,1,1,0,spot,2024-02-26,2024-03-08
522,1,1,0,0,,2024-01-27,
523,1,0,0,0,,2024-04-22,
524,1,0,0,0,,2024-05-12,
525,1,0,0,0,,2024-03-11,
526,1,1,0,0,,2024-03-23,
527,1,1,0,0,,2024-02-26,
528,1,1,1,0,spot,2024-04-29,2024-05-10
529,1,1,0,0,,2024-04-02,
530,1,0,0,0,,2024-01-15,
531,1,0,0,0,,2024-04-20,
532,1,0,0,0,,2024-04-10,
533,1,0,0,0,,2024-04-28,
534,1,1,0,0,,2024-03-16,
535,1,0,0,0,,2024-06-06,
536,1,0,0,0,,2024-01-20,
537,1,0,0,0,,2024-06-13,
538,1,1,0,0,,2024-05-10,
539,1,1,1,1,spot,2024-03-13,2024-03-18
540,1,1,1,1,spot,2024-05-01,2024-05-04
541,1,0,0,0,,2024-02-10,
542,1,1,1,1,derivatives,2024-06-15,2024-06-17
543,1,1,1,1,spot,2024-06-02,2024-06-11
544,1,1,1,1,spot,2024-05-09,2024-05-10
545,1,1,0,0,,2024-01-23,
546,1,1,0,0,,2024-01-23,
547,1,1,0,0,,2024-05-23,
548,1,1,0,0,,2024-01-09,
549,1,1,0,0,,2024-01-13,
550,1,0,0,0,,2024-06-04,
551,1,1,0,0,,2024-06-03,
552,1,0,0,0,,2024-02-20,
553,1,1,1,1,spot,2024-03-04,2024-03-13
554,1,1,1,0,spot,2024-02-21,2024-02-22
555,1,0,0,0,,2024-02-07,
556,1,1,1,0,spot,2024-04-09,2024-04-16
557,1,1,0,0,,2024-05-25,
558,1,1,0,0,,2024-02-20,
559,1,0,0,0,,2024-05-16,
560,1,1,0,0,,2024-05-20,
561,1,1,1,0,derivatives,2024-06-16,2024-06-22
562,1,1,1,1,spot,2024-02-24,2024-03-02
563,1,1,0,0,,2024-04-18,
564,1,1,0,0,,2024-06-19,
565,1,1,0,0,,2024-02-13,
566,1,1,0,0,,2024-04-19,
567,1,1,0,0,,2024-06-09,
568,1,1,0,0,,2024-05-31,
569,1,0,0,0,,2024-06-12,
570,1,1,1,0,spot,2024-05-07,2024-05-10
571,1,1,0,0,,2024-04-14,
572,1,0,0,0,,2024-01-10,
573,1,1,0,0,,2024-04-09,
574,1,1,0,0,,2024-05-27,
575,1,0,0,0,,2024-04-18,
576,1,0,0,0,,2024-04-17,
577,1,1,1,1,spot,2024-05-19,2024-05-22
578,1,0,0,0,,2024-05-25,
579,1,1,0,0,,2024-04-03,
580,1,1,1,0,spot,2024-03-03,2024-03-16
581,1,1,0,0,,2024-03-24,
582,1,0,0,0,,2024-01-25,
583,1,1,0,0,,2024-01-12,
584,1,1,0,0,,2024-05-28,
585,1,1,1,0,spot,2024-01-25,2024-02-05
586,1,1,1,0,spot,2024-01-11,2024-01-12
587,1,1,0,0,,2024-03-04,
588,1,1,1,1,spot,2024-05-05,2024-05-09
589,1,1,0,0,,2024-02-19,
590,1,1,1,0,spot,2024-03-29,2024-04-10
591,1,1,1,0,spot,2024-04-08,2024-04-10
592,1,1,1,1,derivatives,2024-04-25,2024-05-05
593,1,1,1,1,spot,2024-04-05,2024-04-13
594,1,1,0,0,,2024-06-25,
595,1,0,0,0,,2024-01-14,
596,1,1,1,0,derivatives,2024-01-01,2024-01-04
597,1,1,0,0,,2024-01-25,
598,1,1,0,0,,2024-03-12,
599,1,1,0,0,,2024-03-09,
600,1,1,0,0,,2024-05-12,
601,1,1,1,1,derivatives,2024-04-14,2024-04-21
602,1,1,0,0,,2024-05-26,
603,1,1,1,0,spot,2024-01-23,2024-01-30
604,1,1,0,0,,2024-01-09,
605,1,1,0,0,,2024-04-27,
606,1,1,0,0,,2024-04-03,
607,1,1,0,0,,2024-06-26,
608,1,1,0,0,,2024-05-23,
609,1,1,1,0,spot,2024-02-02,2024-02-14
610,1,1,0,0,,2024-05-09,
611,1,1,1,1,spot,2024-01-14,2024-01-23
612,1,0,0,0,,2024-01-01,
613,1,1,0,0,,2024-03-30,
614,1,1,1,1,spot,2024-03-29,2024-04-04
615,1,0,0,0,,2024-05-23,
616,1,0,0,0,,2024-03-30,
617,1,1,0,0,,2024-06-23,
618,1,1,0,0,,2024-06-20,
619,1,0,0,0,,2024-01-14,
620,1,0,0,0,,2024-05-31,
621,1,1,1,0,spot,2024-04-20,2024-04-21
622,1,1,1,0,derivatives,2024-05-22,2024-05-30
623,1,1,0,0,,2024-03-23,
624,1,1,1,0,derivatives,2024-03-12,2024-03-13
625,1,1,0,0,,2024-06-10,
626,1,1,1,0,spot,2024-05-09,2024-05-12
627,1,1,0,0,,2024-01-27,
628,1,0,0,0,,2024-03-14,
629,1,1,0,0,,2024-04-08,
630,1,1,0,0,,2024-03-12,
631,1,1,1,1,spot,2024-01-23,2024-02-03
632,1,0,0,0,,2024-03-08,
633,1,1,0,0,,2024-05-21,
634,1,1,0,0,,2024-04-26,
635,1,1,1,1,spot,2024-04-15,2024-04-20
636,1,1,1,0,derivatives,2024-04-02,2024-04-10
637,1,1,1,1,spot,2024-03-05,2024-03-14
638,1,1,1,0,spot,2024-03-08,2024-03-15
639,1,1,1,0,derivatives,2024-05-07,2024-05-16
640,1,1,1,0,spot,2024-03-03,2024-03-14
641,1,1,0,0,,2024-04-22,
642,1,1,0,0,,2024-03-30,
643,1,1,1,0,derivatives,2024-03-21,2024-03-24
644,1,1,1,1,spot,2024-04-12,2024-04-25
645,1,1,0,0,,2024-06-08,
646,1,0,0,0,,2024-04-25,
647,1,1,1,0,spot,2024-01-13,2024-01-18
648,1,1,0,0,,2024-05-03,
649,1,0,0,0,,2024-05-26,
650,1,1,0,0,,2024-05-31,
651,1,1,0,0,,2024-03-28,
652,1,1,0,0,,2024-01-11,
653,1,1,0,0,,2024-01-15,
654,1,0,0,0,,2024-01-10,
655,1,1,1,1,derivatives,2024-02-10,2024-02-20
656,1,1,0,0,,2024-06-03,
657,1,1,1,0,spot,2024-03-13,2024-03-21
658,1,1,1,1,spot,2024-02-21,2024-03-04
659,1,1,0,0,,2024-05-07,
660,1,1,1,0,spot,2024-01-28,2024-01-29
661,1,1,0,0,,2024-03-05,
662,1,0,0,0,,2024-01-17,
663,1,1,0,0,,2024-04-04,
664,1,1,1,0,spot,2024-06-20,2024-06-28
665,1,1,1,0,spot,2024-05-17,2024-05-24
666,1,1,0,0,,2024-03-03,
667,1,1,0,0,,2024-06-23,
668,1,1,1,0,spot,2024-02-07,2024-02-08
669,1,1,1,0,spot,2024-03-10,2024-03-23
670,1,1,0,0,,2024-04-13,
671,1,1,1,1,spot,2024-02-22,2024-03-06
672,1,0,0,0,,2024-06-20,
673,1,1,1,0,derivatives,2024-04-28,2024-05-08
674,1,1,0,0,,2024-03-14,
675,1,1,1,1,derivatives,2024-02-23,2024-03-06
676,1,0,0,0,,2024-01-20,
677,1,1,0,0,,2024-03-19,
678,1,1,0,0,,2024-01-31,
679,1,0,0,0,,2024-05-14,
680,1,0,0,0,,2024-02-27,
681,1,0,0,0,,2024-04-14,
682,1,1,1,1,spot,2024-01-10,2024-01-20
683,1,1,0,0,,2024-01-10,
684,1,1,0,0,,2024-02-08,
685,1,0,0,0,,2024-06-04,
686,1,1,0,0,,2024-06-06,
687,1,1,0,0,,2024-02-06,
688,1,1,0,0,,2024-04-28,
689,1,0,0,0,,2024-03-07,
690,1,1,0,0,,2024-02-12,
691,1,1,0,0,,2024-02-21,
692,1,1,1,1,spot,2024-04-10,2024-04-22
693,1,1,0,0,,2024-02-25,
694,1,1,0,0,,2024-03-16,
695,1,1,1,1,spot,2024-03-08,2024-03-14
696,1,1,0,0,,2024-05-16,
697,1,1,1,1,spot,2024-04-15,2024-04-16
698,1,1,0,0,,2024-05-04,
699,1,1,1,1,derivatives,2024-04-01,2024-04-03
700,1,1,1,0,derivatives,2024-01-23,2024-01-28
701,1,1,0,0,,2024-04-18,
702,1,1,1,1,spot,2024-03-01,2024-03-03
703,1,1,0,0,,2024-06-16,
704,1,1,0,0,,2024-02-13,
705,1,1,1,1,spot,2024-05-31,2024-06-10
706,1,0,0,0,,2024-06-27,
707,1,1,0,0,,2024-06-09,
708,1,0,0,0,,2024-01-16,
709,1,1,0,0,,2024-01-22,
710,1,1,0,0,,2024-02-26,
711,1,0,0,0,,2024-03-02,
712,1,1,0,0,,2024-04-16,
713,1,1,0,0,,2024-03-11,
714,1,1,0,0,,2024-03-30,
715,1,1,0,0,,2024-03-12,
716,1,0,0,0,,2024-03-10,
717,1,0,0,0,,2024-01-30,
718,1,0,0,0,,2024-04-12,
719,1,1,1,1,spot,2024-05-30,2024-05-31
720,1,0,0,0,,2024-02-01,
721,1,0,0,0,,2024-03-26,
722,1,1,1,1,spot,2024-02-26,2024-03-03
723,1,1,1,1,spot,2024-04-18,2024-04-26
724,1,0,0,0,,2024-01-09,
725,1,1,0,0,,2024-01-31,
726,1,0,0,0,,2024-03-11,
727,1,1,0,0,,2024-05-16,
728,1,0,0,0,,2024-01-13,
729,1,1,0,0,,2024-05-10,
730,1,1,0,0,,2024-02-04,
731,1,1,1,1,derivatives,2024-01-21,2024-01-29
732,1,0,0,0,,2024-03-04,
733,1,1,0,0,,2024-04-04,
734,1,1,1,0,derivatives,2024-06-28,2024-07-11
735,1,1,1,1,spot,2024-02-03,2024-02-16
736,1,0,0,0,,2024-04-30,
737,1,1,1,1,spot,2024-06-11,2024-06-19
738,1,0,0,0,,2024-01-15,
739,1,1,1,1,derivatives,2024-04-29,2024-05-10
740,1,1,0,0,,2024-04-05,
741,1,1,0,0,,2024-01-06,
742,1,1,0,0,,2024-04-18,
743,1,0,0,0,,2024-04-06,
744,1,1,0,0,,2024-02-01,
745,1,1,1,1,spot,2024-06-28,2024-07-04
746,1,0,0,0,,2024-03-23,
747,1,1,1,1,spot,2024-06-04,2024-06-15
748,1,1,0,0,,2024-04-27,
749,1,0,0,0,,2024-03-19,
750,1,1,1,0,spot,2024-03-18,2024-03-21
751,1,1,0,0,,2024-05-26,
752,1,0,0,0,,2024-04-16,
753,1,1,0,0,,2024-05-05,
754,1,1,0,0,,2024-01-15,
755,1,1,1,0,derivatives,2024-05-13,2024-05-14
756,1,0,0,0,,2024-03-13,
757,1,1,0,0,,2024-04-10,
758,1,1,1,0,spot,2024-04-07,2024-04-09
759,1,0,0,0,,2024-06-14,
760,1,0,0,0,,2024-01-26,
761,1,1,0,0,,2024-04-01,
762,1,1,0,0,,2024-05-04,
763,1,1,1,0,spot,2024-06-27,2024-07-02
764,1,0,0,0,,2024-03-13,
765,1,1,0,0,,2024-05-02,
766,1,1,1,0,derivatives,2024-02-22,2024-03-06
767,1,0,0,0,,2024-03-18,
768,1,0,0,0,,2024-04-01,
769,1,1,0,0,,2024-03-28,
770,1,0,0,0,,2024-01-13,
771,1,1,0,0,,2024-02-12,
772,1,0,0,0,,2024-03-16,
773,1,1,1,1,derivatives,2024-02-20,2024-03-01
774,1,1,0,0,,2024-01-19,
775,1,0,0,0,,2024-05-28,
776,1,1,0,0,,2024-05-01,
777,1,1,0,0,,2024-01-24,
778,1,0,0,0,,2024-01-26,
779,1,0,0,0,,2024-06-21,
780,1,1,0,0,,2024-06-04,
781,1,1,0,0,,2024-04-29,
782,1,1,1,1,derivatives,2024-03-22,2024-03-27
783,1,1,1,0,spot,2024-04-09,2024-04-19
784,1,1,1,1,spot,2024-06-05,2024-06-06
785,1,1,1,1,derivatives,2024-01-17,2024-01-18
786,1,0,0,0,,2024-03-08,
787,1,1,1,0,derivatives,2024-02-13,2024-02-22
788,1,1,0,0,,2024-03-01,
789,1,1,1,1,spot,2024-05-02,2024-05-04
790,1,0,0,0,,2024-04-02,
791,1,1,1,1,spot,2024-03-14,2024-03-21
792,1,1,1,0,derivatives,2024-06-01,2024-06-11
793,1,1,1,1,derivatives,2024-03-07,2024-03-11
794,1,1,0,0,,2024-04-20,
795,1,1,0,0,,2024-01-02,
796,1,0,0,0,,2024-03-29,
797,1,0,0,0,,2024-06-25,
798,1,1,1,0,spot,2024-01-26,2024-02-02
799,1,1,1,1,spot,2024-04-08,2024-04-16
800,1,0,0,0,,2024-01-27,
801,1,1,1,1,spot,2024-03-29,2024-04-03
802,1,1,1,1,spot,2024-05-25,2024-06-07
803,1,1,1,0,spot,2024-01-01,2024-01-13
804,1,1,1,1,spot,2024-04-12,2024-04-24
805,1,1,0,0,,2024-05-10,
806,1,0,0,0,,2024-02-10,
807,1,0,0,0,,2024-06-13,
808,1,0,0,0,,2024-02-20,
809,1,1,0,0,,2024-01-15,
810,1,1,1,0,spot,2024-01-08,2024-01-09
811,1,0,0,0,,2024-02-07,
812,1,0,0,0,,2024-04-23,
813,1,1,1,1,spot,2024-03-23,2024-03-27
814,1,0,0,0,,2024-02-25,
815,1,0,0,0,,2024-06-23,
816,1,1,1,0,spot,2024-04-12,2024-04-22
817,1,1,0,0,,2024-05-17,
818,1,1,0,0,,2024-04-11,
819,1,1,0,0,,2024-03-18,
820,1,1,0,0,,2024-06-25,
821,1,0,0,0,,2024-06-17,
822,1,1,0,0,,2024-03-23,
823,1,1,1,1,derivatives,2024-01-30,2024-02-02
824,1,1,0,0,,2024-01-05,
825,1,1,0,0,,2024-04-28,
826,1,0,0,0,,2024-01-31,
827,1,1,1,0,spot,2024-06-28,2024-07-08
828,1,1,0,0,,2024-01-23,
829,1,0,0,0,,2024-02-17,
830,1,1,0,0,,2024-04-18,
831,1,1,0,0,,2024-02-09,
832,1,1,1,0,spot,2024-01-06,2024-01-18
833,1,1,0,0,,2024-02-07,
834,1,1,0,0,,2024-06-17,
835,1,1,0,0,,2024-04-09,
836,1,1,1,1,derivatives,2024-01-27,2024-02-01
837,1,0,0,0,,2024-03-09,
838,1,1,0,0,,2024-02-26,
839,1,1,1,1,spot,2024-01-17,2024-01-27
840,1,1,0,0,,2024-03-11,
841,1,1,0,0,,2024-02-16,
842,1,1,1,0,derivatives,2024-03-19,2024-04-01
843,1,1,1,1,derivatives,2024-04-19,2024-04-29
844,1,0,0,0,,2024-01-13,
845,1,1,1,1,spot,2024-05-18,2024-05-31
846,1,1,0,0,,2024-05-03,
847,1,1,1,0,derivatives,2024-04-18,2024-04-24
848,1,0,0,0,,2024-03-30,
849,1,1,1,0,spot,2024-03-26,2024-03-28
850,1,1,0,0,,2024-04-01,
851,1,1,1,0,spot,2024-01-24,2024-01-31
852,1,0,0,0,,2024-03-13,
853,1,1,0,0,,2024-01-04,
854,1,0,0,0,,2024-04-22,
855,1,1,0,0,,2024-02-15,
856,1,1,0,0,,2024-01-18,
857,1,1,0,0,,2024-02-12,
858,1,1,0,0,,2024-06-09,
859,1,1,0,0,,2024-04-02,
860,1,1,0,0,,2024-04-12,
861,1,0,0,0,,2024-05-03,
862,1,1,0,0,,2024-01-10,
863,1,1,1,1,spot,2024-03-13,2024-03-26
864,1,1,1,1,spot,2024-01-31,2024-02-03
865,1,1,0,0,,2024-06-04,
866,1,1,1,0,derivatives,2024-02-29,2024-03-01
867,1,1,0,0,,2024-05-10,
868,1,1,1,1,spot,2024-04-27,2024-05-07
869,1,0,0,0,,2024-01-14,
870,1,0,0,0,,2024-05-22,
871,1,1,1,1,spot,2024-01-02,2024-01-05
872,1,1,1,1,spot,2024-01-24,2024-02-02
873,1,1,1,1,spot,2024-03-04,2024-03-14
874,1,1,0,0,,2024-04-09,
875,1,1,1,1,spot,2024-04-23,2024-05-04
876,1,1,0,0,,2024-01-24,
877,1,1,0,0,,2024-06-03,
878,1,1,0,0,,2024-06-13,
879,1,1,1,1,spot,2024-03-31,2024-04-11
880,1,1,0,0,,2024-06-15,
881,1,1,0,0,,2024-01-26,
882,1,1,1,1,derivatives,2024-03-05,2024-03-11
883,1,1,0,0,,2024-04-29,
884,1,1,0,0,,2024-01-04,
885,1,0,0,0,,2024-06-05,
886,1,1,1,0,spot,2024-01-01,2024-01-12
887,1,1,0,0,,2024-02-19,
888,1,1,0,0,,2024-04-19,
889,1,1,1,1,derivatives,2024-05-18,2024-05-24
890,1,1,1,0,spot,2024-03-14,2024-03-18
891,1,0,0,0,,2024-03-02,
892,1,0,0,0,,2024-03-21,
893,1,0,0,0,,2024-06-12,
894,1,1,1,1,derivatives,2024-02-25,2024-03-04
895,1,1,0,0,,2024-04-20,
896,1,1,1,1,derivatives,2024-01-21,2024-01-26
897,1,1,0,0,,2024-05-20,
898,1,0,0,0,,2024-01-09,
899,1,1,0,0,,2024-05-18,
900,1,1,0,0,,2024-03-10,
901,1,1,0,0,,2024-05-08,
902,1,1,1,1,spot,2024-04-27,2024-05-04
903,1,1,0,0,,2024-02-25,
904,1,1,0,0,,2024-01-31,
905,1,1,0,0,,2024-02-06,
906,1,0,0,0,,2024-06-23,
907,1,0,0,0,,2024-03-31,
908,1,1,0,0,,2024-04-23,
909,1,1,0,0,,2024-05-07,
910,1,1,0,0,,2024-06-23,
911,1,1,0,0,,2024-05-01,
912,1,1,0,0,,2024-03-09,
913,1,1,1,1,spot,2024-02-05,2024-02-14
914,1,1,1,1,derivatives,2024-02-01,2024-02-14
915,1,1,0,0,,2024-03-04,
916,1,1,1,0,spot,2024-06-18,2024-07-01
917,1,1,1,1,derivatives,2024-02-17,2024-02-22
918,1,0,0,0,,2024-03-21,
919,1,0,0,0,,2024-06-06,
920,1,1,0,0,,2024-05-28,
921,1,0,0,0,,2024-02-29,
922,1,1,1,0,spot,2024-05-20,2024-05-31
923,1,0,0,0,,2024-01-01,
924,1,0,0,0,,2024-03-05,
925,1,1,0,0,,2024-02-02,
926,1,1,1,1,spot,2024-02-07,2024-02-12
927,1,1,1,1,spot,2024-01-25,2024-01-29
928,1,1,1,1,derivatives,2024-06-02,2024-06-08
929,1,1,1,0,spot,2024-02-28,2024-03-01
930,1,1,0,0,,2024-06-09,
931,1,1,1,1,derivatives,2024-04-10,2024-04-13
932,1,0,0,0,,2024-05-06,
933,1,0,0,0,,2024-02-10,
934,1,1,0,0,,2024-06-06,
935,1,1,1,1,derivatives,2024-02-26,2024-02-27
936,1,1,0,0,,2024-06-25,
937,1,1,1,0,spot,2024-02-17,2024-02-19
938,1,0,0,0,,2024-03-12,
939,1,1,1,0,spot,2024-06-25,2024-06-27
940,1,1,0,0,,2024-06-23,
941,1,1,0,0,,2024-02-25,
942,1,1,1,1,derivatives,2024-03-05,2024-03-13
943,1,1,0,0,,2024-01-12,
944,1,0,0,0,,2024-03-09,
945,1,1,1,0,spot,2024-05-13,2024-05-21
946,1,1,0,0,,2024-03-29,
947,1,1,0,0,,2024-01-25,
948,1,0,0,0,,2024-01-01,
949,1,0,0,0,,2024-06-08,
950,1,1,1,0,derivatives,2024-05-10,2024-05-12
951,1,1,1,1,spot,2024-02-18,2024-03-02
952,1,1,1,1,spot,2024-05-26,2024-06-01
953,1,1,1,1,derivatives,2024-02-29,2024-03-05
954,1,0,0,0,,2024-06-05,
955,1,1,1,1,spot,2024-06-26,2024-06-29
956,1,1,1,0,spot,2024-01-02,2024-01-07
957,1,1,1,1,spot,2024-03-13,2024-03-18
958,1,1,1,0,spot,2024-05-24,2024-05-29
959,1,1,0,0,,2024-04-19,
960,1,0,0,0,,2024-06-12,
961,1,1,0,0,,2024-03-01,
962,1,1,0,0,,2024-01-17,
963,1,1,0,0,,2024-02-18,
964,1,1,1,0,spot,2024-03-16,2024-03-19
965,1,1,1,1,derivatives,2024-05-27,2024-05-30
966,1,1,1,1,spot,2024-06-26,2024-06-30
967,1,1,1,0,spot,2024-05-10,2024-05-17
968,1,1,1,0,spot,2024-02-12,2024-02-24
969,1,1,1,0,spot,2024-02-26,2024-03-09
970,1,1,0,0,,2024-02-19,
971,1,1,0,0,,2024-06-26,
972,1,0,0,0,,2024-02-06,
973,1,0,0,0,,2024-02-15,
974,1,1,1,0,spot,2024-06-18,2024-06-30
975,1,1,0,0,,2024-01-15,
976,1,1,0,0,,2024-06-09,
977,1,1,1,1,derivatives,2024-03-20,2024-03-22
978,1,1,0,0,,2024-05-18,
979,1,1,1,1,derivatives,2024-05-27,2024-06-06
980,1,1,1,1,spot,2024-01-24,2024-01-28
981,1,1,0,0,,2024-05-04,
982,1,0,0,0,,2024-04-27,
983,1,1,1,0,spot,2024-03-20,2024-03-24
984,1,1,1,0,spot,2024-04-03,2024-04-04
985,1,0,0,0,,2024-03-05,
986,1,1,1,1,spot,2024-03-28,2024-04-07
987,1,1,0,0,,2024-03-28,
988,1,1,0,0,,2024-05-24,
989,1,1,1,0,spot,2024-05-05,2024-05-13
990,1,0,0,0,,2024-03-29,
991,1,0,0,0,,2024-03-01,
992,1,1,1,0,spot,2024-01-15,2024-01-16
993,1,1,1,1,spot,2024-04-03,2024-04-11
994,1,1,0,0,,2024-02-20,
995,1,1,0,0,,2024-01-27,
996,1,1,1,0,spot,2024-03-14,2024-03-21
997,1,0,0,0,,2024-03-01,
998,1,1,0,0,,2024-01-31,
999,1,0,0,0,,2024-01-12,
1000,1,1,1,0,spot,2024-02-15,2024-02-24
1001,1,1,1,1,derivatives,2024-06-07,2024-06-15
1002,1,1,1,1,spot,2024-02-01,2024-02-06
1003,1,0,0,0,,2024-06-08,
1004,1,0,0,0,,2024-03-01,
1005,1,0,0,0,,2024-02-15,
1006,1,1,1,1,spot,2024-03-25,2024-04-02
1007,1,1,1,0,spot,2024-03-20,2024-03-31
1008,1,0,0,0,,2024-05-14,
1009,1,1,1,1,spot,2024-01-04,2024-01-14
1010,1,1,0,0,,2024-02-21,
1011,1,1,0,0,,2024-06-07,
1012,1,0,0,0,,2024-04-21,
1013,1,0,0,0,,2024-02-05,
1014,1,1,0,0,,2024-02-23,
1015,1,1,1,1,derivatives,2024-04-28,2024-05-10
1016,1,0,0,0,,2024-05-06,
1017,1,1,1,1,spot,2024-01-17,2024-01-29
1018,1,1,0,0,,2024-03-15,
1019,1,0,0,0,,2024-06-06,
1020,1,1,1,0,spot,2024-04-14,2024-04-17
1021,1,1,0,0,,2024-05-29,
1022,1,1,0,0,,2024-04-26,
1023,1,0,0,0,,2024-02-12,
1024,1,0,0,0,,2024-04-21,
1025,1,0,0,0,,2024-04-24,
1026,1,1,0,0,,2024-01-27,
1027,1,0,0,0,,2024-02-06,
1028,1,0,0,0,,2024-02-15,
1029,1,1,1,0,spot,2024-04-22,2024-05-02
1030,1,0,0,0,,2024-02-04,
1031,1,1,0,0,,2024-05-11,
1032,1,1,0,0,,2024-03-20,
1033,1,1,1,0,derivatives,2024-03-20,2024-03-27
1034,1,1,0,0,,2024-06-02,
1035,1,1,0,0,,2024-04-30,
1036,1,1,0,0,,2024-05-26,
1037,1,1,0,0,,2024-05-01,
1038,1,0,0,0,,2024-03-21,
1039,1,1,0,0,,2024-06-21,
1040,1,1,0,0,,2024-06-02,
1041,1,1,0,0,,2024-05-29,
1042,1,0,0,0,,2024-04-28,
1043,1,1,0,0,,2024-02-27,
1044,1,1,0,0,,2024-03-03,
1045,1,0,0,0,,2024-06-04,
1046,1,1,1,0,spot,2024-06-20,2024-07-02
1047,1,1,0,0,,2024-04-09,
1048,1,1,0,0,,2024-06-19,
1049,1,0,0,0,,2024-06-13,
1050,1,1,0,0,,2024-03-06,
1051,1,0,0,0,,2024-05-24,
1052,1,1,0,0,,2024-06-16,
1053,1,0,0,0,,2024-06-14,
1054,1,0,0,0,,2024-03-25,
1055,1,0,0,0,,2024-05-16,
1056,1,1,1,0,spot,2024-05-23,2024-05-27
1057,1,0,0,0,,2024-05-02,
1058,1,1,0,0,,2024-01-02,
1059,1,1,0,0,,2024-04-15,
1060,1,1,1,1,spot,2024-04-17,2024-04-22
1061,1,0,0,0,,2024-03-12,
1062,1,0,0,0,,2024-06-19,
1063,1,0,0,0,,2024-05-05,
1064,1,1,1,1,spot,2024-06-18,2024-06-27
1065,1,1,1,0,spot,2024-02-26,2024-03-04
1066,1,0,0,0,,2024-03-21,
1067,1,1,0,0,,2024-06-06,
1068,1,1,1,1,spot,2024-05-20,2024-05-24
1069,1,1,0,0,,2024-01-19,
1070,1,1,1,1,spot,2024-01-07,2024-01-13
1071,1,1,1,0,derivatives,2024-05-16,2024-05-26
1072,1,1,1,0,spot,2024-02-23,2024-03-05
1073,1,1,0,0,,2024-04-13,
1074,1,1,0,0,,2024-03-26,
1075,1,0,0,0,,2024-03-22,
1076,1,1,1,1,spot,2024-03-01,2024-03-08
1077,1,1,1,0,spot,2024-03-27,2024-04-09
1078,1,1,0,0,,2024-01-02,
1079,1,1,0,0,,2024-06-26,
1080,1,0,0,0,,2024-01-31,
1081,1,0,0,0,,2024-02-02,
1082,1,1,1,1,derivatives,2024-03-20,2024-03-30
1083,1,1,0,0,,2024-01-11,
1084,1,0,0,0,,2024-06-09,
1085,1,0,0,0,,2024-05-07,
1086,1,1,1,1,spot,2024-05-14,2024-05-27
1087,1,1,0,0,,2024-05-07,
1088,1,1,0,0,,2024-01-31,
1089,1,0,0,0,,2024-06-24,
1090,1,1,0,0,,2024-05-05,
1091,1,0,0,0,,2024-02-16,
1092,1,1,1,1,derivatives,2024-04-16,2024-04-25
1093,1,1,0,0,,2024-01-19,
1094,1,1,1,1,spot,2024-03-21,2024-03-25
1095,1,1,0,0,,2024-05-02,
1096,1,1,1,1,spot,2024-05-13,2024-05-23
1097,1,1,1,0,spot,2024-04-16,2024-04-19
1098,1,1,0,0,,2024-02-18,
1099,1,0,0,0,,2024-03-13,
1100,1,1,0,0,,2024-02-19,
1101,1,1,0,0,,2024-03-21,
1102,1,0,0,0,,2024-04-04,
1103,1,0,0,0,,2024-01-12,
1104,1,0,0,0,,2024-01-23,
1105,1,0,0,0,,2024-02-23,
1106,1,1,0,0,,2024-04-27,
1107,1,1,1,1,spot,2024-02-28,2024-03-07
1108,1,0,0,0,,2024-06-12,
1109,1,1,1,0,derivatives,2024-01-03,2024-01-04
1110,1,1,1,0,derivatives,2024-02-27,2024-03-07
1111,1,0,0,0,,2024-02-26,
1112,1,1,0,0,,2024-05-24,
1113,1,1,1,0,spot,2024-06-15,2024-06-28
1114,1,1,0,0,,2024-03-30,
1115,1,1,0,0,,2024-02-24,
1116,1,1,1,0,spot,2024-02-14,2024-02-15
1117,1,1,1,1,derivatives,2024-01-01,2024-01-03
1118,1,0,0,0,,2024-01-21,
1119,1,1,0,0,,2024-01-21,
1120,1,1,0,0,,2024-02-21,
1121,1,0,0,0,,2024-03-22,
1122,1,0,0,0,,2024-06-19,
1123,1,0,0,0,,2024-06-28,
1124,1,0,0,0,,2024-03-07,
1125,1,1,1,0,spot,2024-04-22,2024-05-05
1126,1,1,1,0,spot,2024-02-13,2024-02-21
1127,1,1,1,1,spot,2024-06-08,2024-06-17
1128,1,1,0,0,,2024-01-10,
1129,1,1,1,1,spot,2024-03-04,2024-03-11
1130,1,1,1,0,spot,2024-03-09,2024-03-12
1131,1,0,0,0,,2024-03-08,
1132,1,1,1,1,spot,2024-01-28,2024-02-04
1133,1,1,1,1,spot,2024-04-25,2024-05-01
1134,1,1,0,0,,2024-02-20,
1135,1,1,0,0,,2024-01-04,
1136,1,1,1,1,spot,2024-03-19,2024-03-21
1137,1,0,0,0,,2024-01-17,
1138,1,1,1,1,spot,2024-04-17,2024-04-20
1139,1,1,0,0,,2024-03-14,
1140,1,1,0,0,,2024-06-23,
1141,1,0,0,0,,2024-01-23,
1142,1,1,1,1,spot,2024-01-18,2024-01-29
1143,1,1,1,0,derivatives,2024-05-08,2024-05-21
1144,1,1,0,0,,2024-02-04,
1145,1,1,0,0,,2024-03-04,
1146,1,0,0,0,,2024-02-28,
1147,1,0,0,0,,2024-01-01,
1148,1,1,1,0,spot,2024-05-10,2024-05-22
1149,1,0,0,0,,2024-03-07,
1150,1,0,0,0,,2024-02-06,
1151,1,1,1,1,spot,2024-01-29,2024-02-11
1152,1,0,0,0,,2024-03-29,
1153,1,1,1,0,derivatives,2024-06-09,2024-06-19
1154,1,1,0,0,,2024-04-09,
1155,1,1,0,0,,2024-05-01,
1156,1,0,0,0,,2024-03-30,
1157,1,1,1,1,derivatives,2024-05-11,2024-05-21
1158,1,0,0,0,,2024-01-14,
1159,1,0,0,0,,2024-06-09,
1160,1,1,0,0,,2024-05-29,
1161,1,0,0,0,,2024-06-24,
1162,1,1,0,0,,2024-05-10,
1163,1,1,0,0,,2024-03-25,
1164,1,0,0,0,,2024-05-30,
1165,1,1,0,0,,2024-01-21,
1166,1,0,0,0,,2024-06-19,
1167,1,0,0,0,,2024-01-26,
1168,1,1,0,0,,2024-02-10,
1169,1,1,1,1,spot,2024-05-01,2024-05-14
1170,1,1,0,0,,2024-02-07,
1171,1,1,1,1,spot,2024-03-28,2024-04-09
1172,1,0,0,0,,2024-01-11,
1173,1,1,0,0,,2024-01-29,
1174,1,1,0,0,,2024-02-29,
1175,1,1,0,0,,2024-03-01,
1176,1,1,0,0,,2024-05-26,
1177,1,0,0,0,,2024-06-22,
1178,1,1,1,1,derivatives,2024-06-25,2024-06-30
1179,1,0,0,0,,2024-01-22,
1180,1,1,1,0,derivatives,2024-03-18,2024-03-28
1181,1,0,0,0,,2024-04-22,
1182,1,1,0,0,,2024-05-02,
1183,1,1,0,0,,2024-05-21,
1184,1,0,0,0,,2024-02-13,
1185,1,1,0,0,,2024-05-23,
1186,1,0,0,0,,2024-04-06,
1187,1,1,0,0,,2024-03-17,
1188,1,1,0,0,,2024-05-19,
1189,1,1,1,0,derivatives,2024-02-24,2024-02-28
1190,1,1,1,1,derivatives,2024-02-20,2024-02-22
1191,1,1,0,0,,2024-04-11,
1192,1,1,1,0,spot,2024-06-15,2024-06-19
1193,1,1,1,0,spot,2024-06-09,2024-06-21
1194,1,1,0,0,,2024-06-09,
1195,1,1,0,0,,2024-01-29,
1196,1,0,0,0,,2024-03-09,
1197,1,0,0,0,,2024-06-07,
1198,1,0,0,0,,2024-03-20,
1199,1,0,0,0,,2024-01-31,
1200,1,1,0,0,,2024-04-21,
1201,1,0,0,0,,2024-02-15,
1202,1,1,0,0,,2024-04-06,
1203,1,1,0,0,,2024-02-21,
1204,1,1,1,0,spot,2024-05-17,2024-05-25
1205,1,1,1,0,spot,2024-03-14,2024-03-19
1206,1,0,0,0,,2024-02-10,
1207,1,1,1,0,spot,2024-03-17,2024-03-22
1208,1,1,1,1,spot,2024-05-10,2024-05-23
1209,1,1,0,0,,2024-04-23,
1210,1,0,0,0,,2024-02-21,
1211,1,1,0,0,,2024-06-10,
1212,1,1,1,1,spot,2024-06-25,2024-07-07
1213,1,1,0,0,,2024-06-04,
1214,1,0,0,0,,2024-03-27,
1215,1,1,0,0,,2024-04-18,
1216,1,1,0,0,,2024-05-20,
1217,1,1,0,0,,2024-03-09,
1218,1,1,0,0,,2024-04-29,
1219,1,1,1,1,derivatives,2024-03-07,2024-03-19
1220,1,1,1,1,spot,2024-03-01,2024-03-11
1221,1,0,0,0,,2024-03-11,
1222,1,1,0,0,,2024-05-31,
1223,1,1,0,0,,2024-05-30,
1224,1,0,0,0,,2024-01-30,
1225,1,1,0,0,,2024-05-25,
1226,1,1,1,1,spot,2024-04-05,2024-04-08
1227,1,1,0,0,,2024-02-25,
1228,1,1,0,0,,2024-02-22,
1229,1,0,0,0,,2024-01-07,
1230,1,1,0,0,,2024-04-06,
1231,1,0,0,0,,2024-04-22,
1232,1,1,1,1,spot,2024-05-04,2024-05-17
1233,1,1,0,0,,2024-06-28,
1234,1,1,0,0,,2024-05-11,
1235,1,1,0,0,,2024-06-10,
1236,1,1,0,0,,2024-06-09,
1237,1,0,0,0,,2024-04-30,
1238,1,1,1,0,spot,2024-02-07,2024-02-15
1239,1,0,0,0,,2024-05-01,
1240,1,1,1,1,derivatives,2024-01-26,2024-02-01
1241,1,0,0,0,,2024-05-08,
1242,1,0,0,0,,2024-01-04,
1243,1,0,0,0,,2024-02-08,
1244,1,0,0,0,,2024-02-23,
1245,1,0,0,0,,2024-06-09,
1246,1,1,0,0,,2024-02-02,
1247,1,1,0,0,,2024-01-20,
1248,1,1,0,0,,2024-01-16,
1249,1,0,0,0,,2024-05-28,
1250,1,1,1,1,spot,2024-06-21,2024-06-23
1251,1,0,0,0,,2024-05-06,
1252,1,1,0,0,,2024-03-27,
1253,1,1,1,0,derivatives,2024-03-22,2024-03-24
1254,1,1,0,0,,2024-03-02,
1255,1,1,0,0,,2024-01-31,
1256,1,1,0,0,,2024-02-11,
1257,1,1,1,1,spot,2024-01-12,2024-01-21
1258,1,1,0,0,,2024-03-05,
1259,1,1,0,0,,2024-03-13,
1260,1,1,1,0,spot,2024-05-10,2024-05-23
1261,1,1,0,0,,2024-04-24,
1262,1,0,0,0,,2024-05-16,
1263,1,1,0,0,,2024-04-15,
1264,1,1,0,0,,2024-06-27,
1265,1,1,1,0,spot,2024-01-16,2024-01-23
1266,1,1,0,0,,2024-03-18,
1267,1,1,0,0,,2024-05-04,
1268,1,1,1,1,spot,2024-05-10,2024-05-20
1269,1,1,1,0,derivatives,2024-05-31,2024-06-09
1270,1,1,1,1,spot,2024-05-20,2024-05-26
1271,1,1,0,0,,2024-05-09,
1272,1,0,0,0,,2024-04-21,
1273,1,0,0,0,,2024-05-06,
1274,1,1,0,0,,2024-01-21,
1275,1,1,1,1,derivatives,2024-05-26,2024-05-31
1276,1,1,1,1,spot,2024-03-29,2024-04-10
1277,1,1,1,1,derivatives,2024-02-16,2024-02-17
1278,1,0,0,0,,2024-05-29,
1279,1,1,0,0,,2024-06-09,
1280,1,1,1,1,spot,2024-06-08,2024-06-20
1281,1,1,0,0,,2024-03-25,
1282,1,1,0,0,,2024-06-15,
1283,1,1,1,1,derivatives,2024-05-07,2024-05-13
1284,1,1,1,0,spot,2024-03-12,2024-03-18
1285,1,1,0,0,,2024-02-11,
1286,1,1,0,0,,2024-01-09,
1287,1,1,0,0,,2024-01-25,
1288,1,1,1,1,spot,2024-01-02,2024-01-05
1289,1,1,1,1,spot,2024-01-19,2024-01-22
1290,1,1,0,0,,2024-01-20,
1291,1,1,0,0,,2024-03-10,
1292,1,1,1,1,derivatives,2024-01-17,2024-01-20
1293,1,1,0,0,,2024-05-03,
1294,1,1,0,0,,2024-03-29,
1295,1,0,0,0,,2024-04-03,
1296,1,1,0,0,,2024-03-24,
1297,1,1,1,1,spot,2024-05-10,2024-05-13
1298,1,1,0,0,,2024-03-27,
1299,1,1,0,0,,2024-02-20,
1300,1,1,1,1,spot,2024-03-22,2024-03-29
1301,1,1,0,0,,2024-06-02,
1302,1,0,0,0,,2024-01-08,
1303,1,1,1,0,derivatives,2024-06-13,2024-06-23
1304,1,1,0,0,,2024-04-30,
1305,1,1,0,0,,2024-06-03,
1306,1,0,0,0,,2024-06-21,
1307,1,1,0,0,,2024-01-04,
1308,1,0,0,0,,2024-03-26,
1309,1,1,0,0,,2024-05-07,
1310,1,0,0,0,,2024-04-19,
1311,1,1,1,1,spot,2024-04-08,2024-04-19
1312,1,0,0,0,,2024-02-06,
1313,1,1,1,0,spot,2024-03-11,2024-03-13
1314,1,0,0,0,,2024-02-02,
1315,1,1,0,0,,2024-01-31,
1316,1,1,1,1,spot,2024-05-04,2024-05-14
1317,1,1,0,0,,2024-01-12,
1318,1,0,0,0,,2024-01-11,
1319,1,1,1,1,spot,2024-03-28,2024-04-10
1320,1,1,1,0,derivatives,2024-03-12,2024-03-22
1321,1,1,0,0,,2024-02-01,
1322,1,1,0,0,,2024-02-26,
1323,1,0,0,0,,2024-06-14,
1324,1,1,1,0,derivatives,2024-03-26,2024-03-28
1325,1,0,0,0,,2024-01-19,
1326,1,1,1,0,spot,2024-04-25,2024-04-28
1327,1,1,1,1,derivatives,2024-01-14,2024-01-24
1328,1,0,0,0,,2024-02-02,
1329,1,1,0,0,,2024-01-10,
1330,1,1,1,1,spot,2024-03-20,2024-04-01
1331,1,1,1,1,spot,2024-03-04,2024-03-11
1332,1,1,1,1,spot,2024-03-08,2024-03-11
1333,1,1,0,0,,2024-04-01,
1334,1,0,0,0,,2024-05-04,
1335,1,0,0,0,,2024-06-19,
1336,1,1,1,0,spot,2024-03-20,2024-03-27
1337,1,1,1,1,spot,2024-02-28,2024-03-08
1338,1,1,1,0,derivatives,2024-06-28,2024-07-09
1339,1,1,1,0,derivatives,2024-04-06,2024-04-16
1340,1,1,1,1,spot,2024-01-19,2024-01-31
1341,1,1,1,0,spot,2024-05-28,2024-06-08
1342,1,1,1,0,derivatives,2024-01-22,2024-01-26
1343,1,0,0,0,,2024-01-09,
1344,1,0,0,0,,2024-01-09,
1345,1,0,0,0,,2024-01-27,
1346,1,1,1,1,derivatives,2024-01-17,2024-01-24
1347,1,1,0,0,,2024-06-20,
1348,1,1,0,0,,2024-02-14,
1349,1,0,0,0,,2024-01-08,
1350,1,1,0,0,,2024-05-25,
1351,1,0,0,0,,2024-05-04,
1352,1,1,0,0,,2024-05-02,
1353,1,1,1,1,derivatives,2024-02-02,2024-02-11
1354,1,0,0,0,,2024-01-01,
1355,1,1,0,0,,2024-01-06,
1356,1,0,0,0,,2024-02-10,
1357,1,0,0,0,,2024-01-05,
1358,1,1,0,0,,2024-03-20,
1359,1,1,1,0,spot,2024-01-18,2024-01-26
1360,1,1,1,1,derivatives,2024-06-25,2024-07-03
1361,1,0,0,0,,2024-03-22,
1362,1,1,0,0,,2024-03-05,
1363,1,1,1,1,spot,2024-03-23,2024-04-01
1364,1,1,0,0,,2024-05-15,
1365,1,0,0,0,,2024-05-10,
1366,1,1,1,0,spot,2024-01-25,2024-01-30
1367,1,1,0,0,,2024-03-09,
1368,1,0,0,0,,2024-06-16,
1369,1,1,0,0,,2024-03-22,
1370,1,1,1,1,spot,2024-06-26,2024-07-01
1371,1,0,0,0,,2024-04-26,
1372,1,1,1,1,spot,2024-04-04,2024-04-07
1373,1,0,0,0,,2024-02-02,
1374,1,1,1,0,spot,2024-04-20,2024-04-25
1375,1,1,1,1,spot,2024-05-25,2024-06-02
1376,1,0,0,0,,2024-05-04,
1377,1,1,1,0,spot,2024-01-16,2024-01-28
1378,1,1,0,0,,2024-03-20,
1379,1,1,0,0,,2024-02-07,
1380,1,1,1,1,derivatives,2024-06-17,2024-06-22
1381,1,1,0,0,,2024-05-14,
1382,1,1,0,0,,2024-03-18,
1383,1,0,0,0,,2024-03-03,
1384,1,1,0,0,,2024-04-21,
1385,1,1,0,0,,2024-03-29,
1386,1,1,1,1,spot,2024-06-08,2024-06-12
1387,1,0,0,0,,2024-02-07,
1388,1,1,1,0,spot,2024-05-29,2024-06-06
1389,1,0,0,0,,2024-05-23,
1390,1,1,1,0,spot,2024-02-21,2024-02-28
1391,1,1,0,0,,2024-01-29,
1392,1,1,1,0,derivatives,2024-05-23,2024-05-29
1393,1,1,1,0,spot,2024-03-16,2024-03-21
1394,1,1,0,0,,2024-05-24,
1395,1,1,1,0,spot,2024-03-04,2024-03-09
1396,1,0,0,0,,2024-03-31,
1397,1,1,1,1,spot,2024-03-29,2024-04-11
1398,1,1,1,1,derivatives,2024-01-13,2024-01-23
1399,1,1,0,0,,2024-03-12,
1400,1,1,1,0,derivatives,2024-01-05,2024-01-07
1401,1,1,0,0,,2024-01-12,
1402,1,1,0,0,,2024-06-17,
1403,1,1,1,0,spot,2024-01-03,2024-01-16
1404,1,0,0,0,,2024-02-02,
1405,1,1,1,1,spot,2024-04-30,2024-05-04
1406,1,1,1,0,derivatives,2024-02-19,2024-02-27
1407,1,0,0,0,,2024-05-16,
1408,1,0,0,0,,2024-06-26,
1409,1,1,0,0,,2024-01-29,
1410,1,0,0,0,,2024-02-08,
1411,1,1,0,0,,2024-03-31,
1412,1,1,0,0,,2024-04-09,
1413,1,1,0,0,,2024-06-21,
1414,1,1,0,0,,2024-01-17,
1415,1,1,1,1,spot,2024-02-25,2024-03-04
1416,1,0,0,0,,2024-02-15,
1417,1,1,0,0,,2024-03-07,
1418,1,1,1,1,spot,2024-05-21,2024-06-01
1419,1,1,0,0,,2024-03-07,
1420,1,0,0,0,,2024-01-23,
1421,1,1,1,1,spot,2024-04-03,2024-04-04
1422,1,1,1,1,spot,2024-05-30,2024-06-01
1423,1,1,1,0,spot,2024-06-03,2024-06-08
1424,1,1,0,0,,2024-02-23,
1425,1,0,0,0,,2024-05-17,
1426,1,0,0,0,,2024-03-17,
1427,1,1,1,0,spot,2024-01-16,2024-01-25
1428,1,0,0,0,,2024-02-10,
1429,1,1,1,0,spot,2024-04-07,2024-04-17
1430,1,0,0,0,,2024-05-07,
1431,1,1,1,0,derivatives,2024-03-01,2024-03-12
1432,1,1,1,1,spot,2024-03-26,2024-04-07
1433,1,1,1,0,derivatives,2024-04-27,2024-05-10
1434,1,1,0,0,,2024-04-09,
1435,1,1,1,0,spot,2024-02-18,2024-02-29
1436,1,1,0,0,,2024-06-28,
1437,1,1,0,0,,2024-01-02,
1438,1,1,1,0,spot,2024-04-29,2024-05-06
1439,1,1,1,1,spot,2024-06-26,2024-07-06
1440,1,1,1,0,derivatives,2024-05-02,2024-05-07
1441,1,0,0,0,,2024-03-26,
1442,1,1,0,0,,2024-06-19,
1443,1,1,0,0,,2024-03-17,
1444,1,1,1,0,derivatives,2024-05-15,2024-05-16
1445,1,0,0,0,,2024-02-28,
1446,1,1,1,1,spot,2024-01-12,2024-01-18
1447,1,1,1,1,derivatives,2024-01-04,2024-01-16
1448,1,0,0,0,,2024-04-26,
1449,1,0,0,0,,2024-04-04,
1450,1,1,0,0,,2024-05-04,
1451,1,1,0,0,,2024-02-10,
1452,1,1,1,1,spot,2024-05-02,2024-05-10
1453,1,0,0,0,,2024-01-07,
1454,1,1,0,0,,2024-03-09,
1455,1,1,1,0,derivatives,2024-03-09,2024-03-16
1456,1,0,0,0,,2024-03-21,
1457,1,1,0,0,,2024-01-30,
1458,1,1,1,1,derivatives,2024-03-13,2024-03-15
1459,1,1,1,0,derivatives,2024-01-06,2024-01-18
1460,1,1,1,0,spot,2024-03-29,2024-04-03
1461,1,1,0,0,,2024-05-26,
1462,1,1,0,0,,2024-03-06,
1463,1,1,1,1,spot,2024-01-10,2024-01-21
1464,1,1,1,1,spot,2024-05-23,2024-05-27
1465,1,0,0,0,,2024-02-06,
1466,1,1,1,1,spot,2024-03-17,2024-03-26
1467,1,0,0,0,,2024-03-17,
1468,1,1,1,0,spot,2024-02-01,2024-02-11
1469,1,0,0,0,,2024-02-16,
1470,1,0,0,0,,2024-04-19,
1471,1,1,0,0,,2024-06-19,
1472,1,0,0,0,,2024-04-29,
1473,1,0,0,0,,2024-06-12,
1474,1,1,1,0,spot,2024-06-02,2024-06-03
1475,1,1,1,1,spot,2024-01-10,2024-01-22
1476,1,1,1,1,spot,2024-06-07,2024-06-13
1477,1,0,0,0,,2024-04-06,
1478,1,0,0,0,,2024-06-05,
1479,1,0,0,0,,2024-01-05,
1480,1,1,0,0,,2024-03-17,
1481,1,0,0,0,,2024-01-01,
1482,1,1,1,1,spot,2024-05-10,2024-05-13
1483,1,1,0,0,,2024-03-07,
1484,1,1,1,0,spot,2024-06-11,2024-06-22
1485,1,1,1,0,derivatives,2024-01-15,2024-01-24
1486,1,1,1,0,spot,2024-04-02,2024-04-07
1487,1,1,0,0,,2024-01-30,
1488,1,1,0,0,,2024-04-12,
1489,1,1,0,0,,2024-03-22,
1490,1,1,0,0,,2024-03-15,
1491,1,1,0,0,,2024-06-19,
1492,1,1,1,0,spot,2024-02-29,2024-03-13
1493,1,1,1,0,derivatives,2024-02-09,2024-02-15
1494,1,1,1,1,spot,2024-06-05,2024-06-16
1495,1,1,1,1,spot,2024-03-14,2024-03-23
1496,1,1,0,0,,2024-04-30,
1497,1,1,1,0,spot,2024-05-26,2024-06-04
1498,1,1,1,0,spot,2024-01-03,2024-01-11
1499,1,1,0,0,,2024-02-05,
1500,1,0,0,0,,2024-02-12,
1501,1,1,0,0,,2024-05-22,
1502,1,1,1,1,derivatives,2024-06-17,2024-06-26
1503,1,1,1,1,spot,2024-04-24,2024-04-28
1504,1,1,0,0,,2024-04-18,
1505,1,1,1,1,spot,2024-03-30,2024-04-05
1506,1,1,1,1,spot,2024-06-12,2024-06-17
1507,1,1,1,1,spot,2024-03-24,2024-03-29
1508,1,1,0,0,,2024-03-17,
1509,1,1,1,1,derivatives,2024-06-09,2024-06-13
1510,1,0,0,0,,2024-01-05,
1511,1,0,0,0,,2024-03-18,
1512,1,1,0,0,,2024-03-31,
1513,1,0,0,0,,2024-03-27,
1514,1,1,1,0,spot,2024-01-14,2024-01-16
1515,1,1,1,1,spot,2024-04-13,2024-04-25
1516,1,1,1,0,spot,2024-03-23,2024-03-29
1517,1,1,0,0,,2024-06-23,
1518,1,0,0,0,,2024-02-23,
1519,1,1,0,0,,2024-05-11,
1520,1,0,0,0,,2024-04-04,
1521,1,1,0,0,,2024-01-09,
1522,1,0,0,0,,2024-02-22,
1523,1,1,0,0,,2024-03-17,
1524,1,1,0,0,,2024-02-29,
1525,1,1,0,0,,2024-02-15,
1526,1,1,0,0,,2024-02-23,
1527,1,1,1,0,spot,2024-03-14,2024-03-23
1528,1,1,1,1,spot,2024-04-21,2024-05-03
1529,1,0,0,0,,2024-04-04,
1530,1,1,0,0,,2024-06-13,
1531,1,1,0,0,,2024-01-23,
1532,1,1,1,1,derivatives,2024-01-27,2024-01-28
1533,1,1,0,0,,2024-03-10,
1534,1,1,0,0,,2024-04-18,
1535,1,1,0,0,,2024-03-17,
1536,1,1,0,0,,2024-06-27,
1537,1,1,0,0,,2024-02-19,
1538,1,1,0,0,,2024-05-03,
1539,1,1,1,1,derivatives,2024-01-19,2024-01-26
1540,1,1,0,0,,2024-01-01,
1541,1,1,0,0,,2024-02-09,
1542,1,1,1,0,derivatives,2024-06-08,2024-06-14
1543,1,1,0,0,,2024-01-22,
1544,1,1,0,0,,2024-04-21,
1545,1,0,0,0,,2024-02-09,
1546,1,1,0,0,,2024-02-07,
1547,1,0,0,0,,2024-02-17,
1548,1,1,0,0,,2024-03-15,
1549,1,1,0,0,,2024-06-27,
1550,1,1,1,1,derivatives,2024-04-16,2024-04-19
1551,1,0,0,0,,2024-01-08,
1552,1,1,0,0,,2024-03-26,
1553,1,0,0,0,,2024-03-08,
1554,1,0,0,0,,2024-03-15,
1555,1,1,0,0,,2024-05-16,
1556,1,1,1,0,spot,2024-03-30,2024-03-31
1557,1,1,0,0,,2024-05-09,
1558,1,1,0,0,,2024-03-20,
1559,1,0,0,0,,2024-04-04,
1560,1,0,0,0,,2024-03-10,
1561,1,1,0,0,,2024-03-30,
1562,1,1,1,0,spot,2024-02-28,2024-03-12
1563,1,0,0,0,,2024-05-26,
1564,1,1,0,0,,2024-01-28,
1565,1,0,0,0,,2024-03-12,
1566,1,1,1,1,derivatives,2024-01-14,2024-01-18
1567,1,1,1,0,derivatives,2024-01-24,2024-02-02
1568,1,1,1,0,derivatives,2024-04-21,2024-04-23
1569,1,1,1,0,spot,2024-02-13,2024-02-16
1570,1,1,1,0,spot,2024-02-25,2024-02-27
1571,1,1,0,0,,2024-04-29,
1572,1,1,0,0,,2024-06-27,
1573,1,0,0,0,,2024-02-01,
1574,1,0,0,0,,2024-06-26,
1575,1,1,1,0,derivatives,2024-06-17,2024-06-19
1576,1,1,0,0,,2024-01-25,
1577,1,1,0,0,,2024-04-25,
1578,1,1,0,0,,2024-03-06,
1579,1,1,1,0,derivatives,2024-02-11,2024-02-21
1580,1,1,0,0,,2024-06-12,
1581,1,1,0,0,,2024-03-16,
1582,1,1,1,1,derivatives,2024-05-16,2024-05-27
1583,1,1,0,0,,2024-06-12,
1584,1,1,1,0,spot,2024-02-07,2024-02-18
1585,1,0,0,0,,2024-06-09,
1586,1,1,0,0,,2024-06-18,
1587,1,1,0,0,,2024-03-01,
1588,1,1,1,1,spot,2024-06-22,2024-06-30
1589,1,1,0,0,,2024-03-29,
1590,1,1,0,0,,2024-01-18,
1591,1,1,1,1,spot,2024-03-10,2024-03-13
1592,1,0,0,0,,2024-03-22,
1593,1,1,1,1,derivatives,2024-04-25,2024-05-02
1594,1,1,1,0,spot,2024-03-20,2024-03-28
1595,1,0,0,0,,2024-01-15,
1596,1,1,1,1,spot,2024-06-24,2024-06-27
1597,1,1,0,0,,2024-01-13,
1598,1,1,1,0,derivatives,2024-04-28,2024-04-30
1599,1,1,0,0,,2024-02-12,
1600,1,0,0,0,,2024-02-26,
1601,1,1,0,0,,2024-01-17,
1602,1,1,1,1,spot,2024-06-26,2024-07-09
1603,1,1,0,0,,2024-02-01,
1604,1,1,0,0,,2024-05-29,
1605,1,1,0,0,,2024-02-24,
1606,1,1,0,0,,2024-01-13,
1607,1,1,1,0,derivatives,2024-02-16,2024-02-29
1608,1,0,0,0,,2024-03-27,
1609,1,1,1,1,spot,2024-03-02,2024-03-10
1610,1,1,1,1,derivatives,2024-01-29,2024-02-01
1611,1,0,0,0,,2024-01-22,
1612,1,1,0,0,,2024-03-05,
1613,1,1,0,0,,2024-01-29,
1614,1,1,1,1,spot,2024-02-17,2024-02-24
1615,1,1,0,0,,2024-01-05,
1616,1,1,0,0,,2024-06-11,
1617,1,0,0,0,,2024-04-10,
1618,1,1,1,1,derivatives,2024-03-11,2024-03-23
1619,1,1,1,0,derivatives,2024-06-22,2024-06-23
1620,1,0,0,0,,2024-06-11,
1621,1,1,1,1,spot,2024-06-21,2024-07-03
1622,1,1,0,0,,2024-05-20,
1623,1,1,0,0,,2024-05-17,
1624,1,0,0,0,,2024-03-06,
1625,1,1,0,0,,2024-03-12,
1626,1,1,0,0,,2024-01-25,
1627,1,1,0,0,,2024-06-20,
1628,1,1,1,1,spot,2024-02-29,2024-03-06
1629,1,1,1,1,spot,2024-06-23,2024-07-05
1630,1,1,1,1,spot,2024-02-09,2024-02-21
1631,1,0,0,0,,2024-01-07,
1632,1,1,0,0,,2024-06-22,
1633,1,1,0,0,,2024-05-30,
1634,1,0,0,0,,2024-02-15,
1635,1,0,0,0,,2024-03-26,
1636,1,1,0,0,,2024-05-20,
1637,1,1,1,0,derivatives,2024-01-21,2024-02-03
1638,1,1,0,0,,2024-01-01,
1639,1,0,0,0,,2024-05-02,
1640,1,0,0,0,,2024-05-26,
1641,1,1,0,0,,2024-05-04,
1642,1,0,0,0,,2024-02-02,
1643,1,1,0,0,,2024-01-04,
1644,1,1,0,0,,2024-01-03,
1645,1,1,1,0,spot,2024-03-31,2024-04-09
1646,1,0,0,0,,2024-02-21,
1647,1,1,0,0,,2024-01-28,
1648,1,0,0,0,,2024-03-10,
1649,1,0,0,0,,2024-02-26,
1650,1,1,1,0,spot,2024-04-17,2024-04-29
1651,1,1,1,0,spot,2024-05-23,2024-05-26
1652,1,1,0,0,,2024-01-24,
1653,1,1,1,1,derivatives,2024-06-17,2024-06-24
1654,1,1,0,0,,2024-03-17,
1655,1,1,0,0,,2024-06-23,
1656,1,0,0,0,,2024-03-16,
1657,1,1,0,0,,2024-03-09,
1658,1,1,0,0,,2024-04-10,
1659,1,1,1,0,derivatives,2024-06-07,2024-06-20
1660,1,1,1,0,spot,2024-04-01,2024-04-07
1661,1,1,0,0,,2024-04-01,
1662,1,1,0,0,,2024-01-30,
1663,1,0,0,0,,2024-01-18,
1664,1,1,0,0,,2024-02-13,
1665,1,0,0,0,,2024-06-03,
1666,1,0,0,0,,2024-04-08,
1667,1,1,1,0,spot,2024-06-02,2024-06-10
1668,1,0,0,0,,2024-04-30,
1669,1,1,0,0,,2024-04-24,
1670,1,0,0,0,,2024-02-29,
1671,1,1,0,0,,2024-05-25,
1672,1,0,0,0,,2024-02-25,
1673,1,0,0,0,,2024-01-31,
1674,1,0,0,0,,2024-04-10,
1675,1,0,0,0,,2024-02-28,
1676,1,1,0,0,,2024-05-03,
1677,1,1,0,0,,2024-05-09,
1678,1,1,0,0,,2024-04-06,
1679,1,1,1,0,spot,2024-06-15,2024-06-18
1680,1,1,0,0,,2024-04-16,
1681,1,1,1,1,spot,2024-01-18,2024-01-21
1682,1,0,0,0,,2024-05-24,
1683,1,1,1,0,spot,2024-06-15,2024-06-19
1684,1,0,0,0,,2024-03-11,
1685,1,1,1,1,spot,2024-04-15,2024-04-18
1686,1,0,0,0,,2024-02-23,
1687,1,0,0,0,,2024-04-03,
1688,1,1,0,0,,2024-03-16,
1689,1,1,0,0,,2024-02-04,
1690,1,0,0,0,,2024-01-11,
1691,1,1,1,1,spot,2024-03-01,2024-03-10
1692,1,1,0,0,,2024-02-13,
1693,1,1,1,0,spot,2024-04-30,2024-05-11
1694,1,1,0,0,,2024-03-08,
1695,1,1,0,0,,2024-01-25,
1696,1,1,0,0,,2024-06-24,
1697,1,1,1,1,spot,2024-06-08,2024-06-12
1698,1,1,1,1,spot,2024-03-24,2024-03-30
1699,1,0,0,0,,2024-04-23,
1700,1,1,0,0,,2024-05-11,
1701,1,0,0,0,,2024-06-14,
1702,1,1,1,1,spot,2024-06-23,2024-07-01
1703,1,1,0,0,,2024-01-01,
1704,1,1,1,1,derivatives,2024-05-10,2024-05-21
1705,1,1,1,0,derivatives,2024-03-26,2024-04-08
1706,1,1,1,1,spot,2024-03-02,2024-03-10
1707,1,1,1,0,spot,2024-03-04,2024-03-09
1708,1,1,0,0,,2024-05-24,
1709,1,1,0,0,,2024-05-05,
1710,1,1,1,0,derivatives,2024-04-14,2024-04-19
1711,1,1,0,0,,2024-03-02,
1712,1,1,1,0,derivatives,2024-02-04,2024-02-10
1713,1,0,0,0,,2024-01-13,
1714,1,1,1,0,spot,2024-06-11,2024-06-21
1715,1,1,1,0,spot,2024-02-12,2024-02-19
1716,1,0,0,0,,2024-05-09,
1717,1,1,0,0,,2024-04-20,
1718,1,1,0,0,,2024-05-07,
1719,1,0,0,0,,2024-02-20,
1720,1,1,0,0,,2024-05-23,
1721,1,1,0,0,,2024-05-25,
1722,1,1,1,1,spot,2024-05-14,2024-05-27
1723,1,1,1,0,spot,2024-02-14,2024-02-27
1724,1,1,0,0,,2024-06-12,
1725,1,1,0,0,,2024-06-17,
1726,1,1,1,0,spot,2024-02-11,2024-02-21
1727,1,1,0,0,,2024-05-14,
1728,1,0,0,0,,2024-01-15,
1729,1,0,0,0,,2024-02-29,
1730,1,1,1,0,spot,2024-02-09,2024-02-16
1731,1,1,0,0,,2024-06-13,
1732,1,1,1,1,spot,2024-04-21,2024-05-04
1733,1,1,0,0,,2024-03-17,
1734,1,1,0,0,,2024-04-14,
1735,1,1,0,0,,2024-04-16,
1736,1,0,0,0,,2024-05-01,
1737,1,1,1,0,spot,2024-03-20,2024-03-24
1738,1,1,1,1,spot,2024-05-04,2024-05-10
1739,1,1,1,1,spot,2024-06-20,2024-06-27
1740,1,1,1,1,spot,2024-05-13,2024-05-18
1741,1,0,0,0,,2024-02-01,
1742,1,0,0,0,,2024-04-17,
1743,1,0,0,0,,2024-04-23,
1744,1,1,0,0,,2024-05-25,
1745,1,1,0,0,,2024-03-08,
1746,1,1,0,0,,2024-05-06,
1747,1,1,1,0,spot,2024-05-14,2024-05-19
1748,1,1,0,0,,2024-04-23,
1749,1,0,0,0,,2024-01-08,
1750,1,1,1,0,spot,2024-03-04,2024-03-06
1751,1,1,1,1,derivatives,2024-05-14,2024-05-21
1752,1,1,1,0,spot,2024-02-10,2024-02-22
1753,1,1,0,0,,2024-02-09,
1754,1,1,1,0,derivatives,2024-01-03,2024-01-09
1755,1,0,0,0,,2024-05-24,
1756,1,0,0,0,,2024-04-19,
1757,1,0,0,0,,2024-04-23,
1758,1,1,0,0,,2024-04-21,
1759,1,1,0,0,,2024-06-28,
1760,1,1,1,1,derivatives,2024-05-29,2024-06-09
1761,1,1,0,0,,2024-01-04,
1762,1,0,0,0,,2024-05-13,
1763,1,1,0,0,,2024-06-14,
1764,1,1,0,0,,2024-01-26,
1765,1,1,0,0,,2024-05-18,
1766,1,1,0,0,,2024-01-17,
1767,1,0,0,0,,2024-04-01,
1768,1,1,0,0,,2024-01-31,
1769,1,1,0,0,,2024-06-11,
1770,1,1,0,0,,2024-05-23,
1771,1,1,0,0,,2024-04-16,
1772,1,0,0,0,,2024-05-25,
1773,1,0,0,0,,2024-04-20,
1774,1,0,0,0,,2024-04-10,
1775,1,0,0,0,,2024-04-21,
1776,1,1,1,1,spot,2024-03-02,2024-03-03
1777,1,1,1,0,spot,2024-04-21,2024-04-25
1778,1,1,1,1,spot,2024-06-03,2024-06-06
1779,1,1,1,0,derivatives,2024-06-11,2024-06-23
1780,1,0,0,0,,2024-04-25,
1781,1,1,0,0,,2024-06-21,
1782,1,0,0,0,,2024-02-04,
1783,1,1,0,0,,2024-01-28,
1784,1,1,1,1,derivatives,2024-04-12,2024-04-15
1785,1,1,1,1,derivatives,2024-05-04,2024-05-11
1786,1,0,0,0,,2024-04-11,
1787,1,1,1,1,spot,2024-05-16,2024-05-27
1788,1,1,0,0,,2024-05-22,
1789,1,1,0,0,,2024-01-21,
1790,1,1,1,1,spot,2024-02-21,2024-03-04
1791,1,1,0,0,,2024-06-11,
1792,1,0,0,0,,2024-04-06,
1793,1,1,1,0,spot,2024-02-20,2024-03-01
1794,1,1,1,0,spot,2024-03-23,2024-03-27
1795,1,1,0,0,,2024-02-24,
1796,1,1,1,0,spot,2024-03-17,2024-03-29
1797,1,1,0,0,,2024-05-06,
1798,1,1,0,0,,2024-06-20,
1799,1,1,0,0,,2024-04-02,
1800,1,1,1,1,spot,2024-03-28,2024-04-05
1801,1,0,0,0,,2024-03-20,
1802,1,0,0,0,,2024-06-01,
1803,1,1,1,1,derivatives,2024-04-01,2024-04-12
1804,1,1,1,0,spot,2024-02-16,2024-02-25
1805,1,1,0,0,,2024-02-07,
1806,1,0,0,0,,2024-05-18,
1807,1,1,0,0,,2024-01-15,
1808,1,1,0,0,,2024-01-01,
1809,1,1,0,0,,2024-05-14,
1810,1,1,0,0,,2024-01-01,
1811,1,1,1,1,spot,2024-02-18,2024-02-21
1812,1,0,0,0,,2024-04-05,
1813,1,1,0,0,,2024-06-05,
1814,1,1,1,1,spot,2024-01-26,2024-01-31
1815,1,1,0,0,,2024-03-27,
1816,1,0,0,0,,2024-06-21,
1817,1,1,0,0,,2024-04-02,
1818,1,0,0,0,,2024-04-11,
1819,1,1,1,0,derivatives,2024-03-11,2024-03-15
1820,1,1,0,0,,2024-05-19,
1821,1,1,0,0,,2024-04-04,
1822,1,1,0,0,,2024-06-08,
1823,1,1,1,0,derivatives,2024-04-27,2024-05-09
1824,1,0,0,0,,2024-05-27,
1825,1,1,0,0,,2024-04-28,
1826,1,1,0,0,,2024-02-20,
1827,1,1,0,0,,2024-03-21,
1828,1,0,0,0,,2024-02-05,
1829,1,0,0,0,,2024-03-07,
1830,1,1,0,0,,2024-05-08,
1831,1,0,0,0,,2024-04-23,
1832,1,1,1,1,spot,2024-06-03,2024-06-13
1833,1,1,1,0,spot,2024-04-20,2024-04-26
1834,1,0,0,0,,2024-06-16,
1835,1,0,0,0,,2024-05-21,
1836,1,1,0,0,,2024-04-09,
1837,1,1,1,0,spot,2024-04-18,2024-04-29
1838,1,1,0,0,,2024-04-29,
1839,1,0,0,0,,2024-03-19,
1840,1,1,1,0,derivatives,2024-05-13,2024-05-23
1841,1,1,0,0,,2024-06-09,
1842,1,1,0,0,,2024-01-19,
1843,1,1,0,0,,2024-05-06,
1844,1,1,0,0,,2024-01-29,
1845,1,0,0,0,,2024-01-24,
1846,1,1,1,1,spot,2024-05-30,2024-06-03
1847,1,1,1,1,spot,2024-01-10,2024-01-18
1848,1,1,1,0,spot,2024-04-14,2024-04-17
1849,1,0,0,0,,2024-06-17,
1850,1,1,0,0,,2024-06-25,
1851,1,1,0,0,,2024-05-24,
1852,1,0,0,0,,2024-06-21,
1853,1,0,0,0,,2024-06-06,
1854,1,0,0,0,,2024-06-20,
1855,1,0,0,0,,2024-02-24,
1856,1,1,0,0,,2024-05-26,
1857,1,0,0,0,,2024-06-05,
1858,1,1,1,1,spot,2024-01-02,2024-01-13
1859,1,0,0,0,,2024-06-12,
1860,1,0,0,0,,2024-05-26,
1861,1,0,0,0,,2024-05-14,
1862,1,1,1,1,derivatives,2024-06-02,2024-06-07
1863,1,1,0,0,,2024-04-20,
1864,1,1,0,0,,2024-02-07,
1865,1,0,0,0,,2024-05-10,
1866,1,0,0,0,,2024-04-11,
1867,1,1,0,0,,2024-04-04,
1868,1,1,1,1,spot,2024-04-01,2024-04-14
1869,1,1,1,0,spot,2024-03-11,2024-03-12
1870,1,0,0,0,,2024-06-19,
1871,1,0,0,0,,2024-01-24,
1872,1,1,0,0,,2024-06-15,
1873,1,1,0,0,,2024-03-08,
1874,1,0,0,0,,2024-05-07,
1875,1,0,0,0,,2024-04-02,
1876,1,1,0,0,,2024-02-13,
1877,1,1,0,0,,2024-05-12,
1878,1,1,1,0,spot,2024-02-24,2024-03-08
1879,1,1,1,1,spot,2024-06-06,2024-06-12
1880,1,1,0,0,,2024-01-29,
1881,1,1,0,0,,2024-06-02,
1882,1,0,0,0,,2024-06-02,
1883,1,1,1,1,derivatives,2024-02-06,2024-02-17
1884,1,0,0,0,,2024-04-24,
1885,1,1,1,1,spot,2024-06-06,2024-06-11
1886,1,1,1,1,derivatives,2024-01-03,2024-01-11
1887,1,1,1,0,derivatives,2024-05-01,2024-05-10
1888,1,1,1,0,spot,2024-02-12,2024-02-20
1889,1,0,0,0,,2024-01-07,
1890,1,0,0,0,,2024-05-04,
1891,1,1,1,0,spot,2024-02-18,2024-02-26
1892,1,1,0,0,,2024-04-30,
1893,1,0,0,0,,2024-03-13,
1894,1,1,0,0,,2024-02-10,
1895,1,1,1,1,spot,2024-04-15,2024-04-27
1896,1,0,0,0,,2024-03-17,
1897,1,1,0,0,,2024-05-06,
1898,1,1,1,1,derivatives,2024-03-31,2024-04-13
1899,1,1,0,0,,2024-06-03,
1900,1,0,0,0,,2024-01-08,
1901,1,1,0,0,,2024-02-01,
1902,1,1,0,0,,2024-03-04,
1903,1,0,0,0,,2024-05-17,
1904,1,1,0,0,,2024-01-13,
1905,1,0,0,0,,2024-04-02,
1906,1,1,0,0,,2024-06-11,
1907,1,0,0,0,,2024-03-01,
1908,1,1,0,0,,2024-01-08,
1909,1,1,1,1,spot,2024-01-29,2024-02-01
1910,1,1,0,0,,2024-04-04,
1911,1,1,0,0,,2024-02-10,
1912,1,0,0,0,,2024-06-06,
1913,1,0,0,0,,2024-05-28,
1914,1,1,1,1,spot,2024-01-11,2024-01-15
1915,1,1,1,1,spot,2024-01-02,2024-01-13
1916,1,0,0,0,,2024-06-26,
1917,1,0,0,0,,2024-06-17,
1918,1,1,0,0,,2024-05-10,
1919,1,1,1,1,derivatives,2024-03-20,2024-03-24
1920,1,1,1,0,spot,2024-06-27,2024-07-08
1921,1,1,1,1,spot,2024-03-27,2024-04-01
1922,1,1,0,0,,2024-06-01,
1923,1,1,1,1,spot,2024-06-06,2024-06-19
1924,1,1,0,0,,2024-04-15,
1925,1,0,0,0,,2024-05-18,
1926,1,1,0,0,,2024-01-17,
1927,1,1,1,0,spot,2024-06-02,2024-06-11
1928,1,1,1,0,derivatives,2024-01-23,2024-02-04
1929,1,1,1,0,spot,2024-06-28,2024-07-07
1930,1,1,0,0,,2024-02-17,
1931,1,1,1,1,derivatives,2024-01-20,2024-01-30
1932,1,1,0,0,,2024-01-02,
1933,1,1,1,1,spot,2024-03-28,2024-04-10
1934,1,1,0,0,,2024-01-31,
1935,1,1,0,0,,2024-06-03,
1936,1,0,0,0,,2024-05-09,
1937,1,1,0,0,,2024-03-18,
1938,1,0,0,0,,2024-01-04,
1939,1,1,0,0,,2024-05-20,
1940,1,1,0,0,,2024-06-11,
1941,1,1,1,1,spot,2024-05-07,2024-05-19
1942,1,1,1,1,spot,2024-05-13,2024-05-14
1943,1,0,0,0,,2024-01-31,
1944,1,1,0,0,,2024-05-17,
1945,1,0,0,0,,2024-01-21,
1946,1,1,0,0,,2024-01-23,
1947,1,1,1,1,spot,2024-05-10,2024-05-18
1948,1,1,1,1,spot,2024-06-08,2024-06-09
1949,1,1,0,0,,2024-05-27,
1950,1,1,0,0,,2024-01-29,
1951,1,1,0,0,,2024-04-14,
1952,1,1,1,1,spot,2024-02-21,2024-02-23
1953,1,1,1,0,spot,2024-04-24,2024-05-01
1954,1,0,0,0,,2024-06-22,
1955,1,0,0,0,,2024-06-10,
1956,1,0,0,0,,2024-04-10,
1957,1,1,1,1,spot,2024-03-24,2024-04-01
1958,1,1,0,0,,2024-03-01,
1959,1,1,0,0,,2024-05-04,
1960,1,0,0,0,,2024-03-11,
1961,1,1,1,1,spot,2024-03-10,2024-03-11
1962,1,1,0,0,,2024-05-18,
1963,1,0,0,0,,2024-04-17,
1964,1,1,1,0,derivatives,2024-01-21,2024-01-24
1965,1,1,0,0,,2024-05-10,
1966,1,1,1,0,spot,2024-03-22,2024-03-29
1967,1,1,0,0,,2024-03-28,
1968,1,1,0,0,,2024-04-20,
1969,1,1,1,0,spot,2024-01-10,2024-01-23
1970,1,1,0,0,,2024-06-03,
1971,1,1,1,0,spot,2024-01-12,2024-01-21
1972,1,0,0,0,,2024-01-07,
1973,1,1,0,0,,2024-05-24,
1974,1,1,1,0,derivatives,2024-04-23,2024-05-01
1975,1,1,0,0,,2024-01-26,
1976,1,0,0,0,,2024-01-15,
1977,1,1,0,0,,2024-02-02,
1978,1,1,0,0,,2024-03-02,
1979,1,0,0,0,,2024-02-16,
1980,1,0,0,0,,2024-04-04,
1981,1,1,1,0,derivatives,2024-02-04,2024-02-12
1982,1,0,0,0,,2024-03-16,
1983,1,1,0,0,,2024-05-02,
1984,1,1,0,0,,2024-03-23,
1985,1,1,1,1,spot,2024-01-25,2024-02-03
1986,1,1,1,1,derivatives,2024-02-26,2024-03-07
1987,1,0,0,0,,2024-02-01,
1988,1,1,0,0,,2024-03-03,
1989,1,1,0,0,,2024-01-12,
1990,1,0,0,0,,2024-03-03,
1991,1,0,0,0,,2024-03-17,
1992,1,1,0,0,,2024-04-01,
1993,1,1,1,1,spot,2024-01-01,2024-01-04
1994,1,1,0,0,,2024-06-27,
1995,1,0,0,0,,2024-03-10,
1996,1,1,0,0,,2024-05-15,
1997,1,0,0,0,,2024-05-12,
1998,1,1,0,0,,2024-03-26,
1999,1,1,0,0,,2024-02-08,
2000,1,1,0,0,,2024-01-23,
